Type,Condition_label,Intervening_noun_base_form,Intervening_noun_plural_form,Intervening_noun_count_form,Intervening_noun_used_form,Gender_of_intervening_noun,Number_of_intervening_noun,Gender_of_target_noun,Number_of_target_noun,Beginning,Numeral,Condition_adjective_base_form,Condition_adjective_stem_form,First_adjective_base_form,First_adjective_stem_form,First_position_yat_alternation,Condition_adjective_yat_alternation,Second_position_yat_alternation,Third_position_yat_alternation,First_position,Condition_beginning,Condition_continuation_with_underlying_preposition,Modified_preposition,Marker_for_indefinite_form_usage_of_intervening_noun,Second_position,Condition_end,Third_position,Target_noun_base_form,Target_noun_plural_form,Target_noun_count_form,Target_noun_other_plural_forms,Group,Numeral_Type,Final_sentence,Target_noun_after_final_sentence,Correct_response_as_integer,Number_of_words_in_condition,All_colums_with_count_forms_with_the_wrong_ending,All_colums_with_plural_forms_with_the_wrong_ending,All_columns_with_identical_singular_form_to_plural_or_count_form_for_intervening_noun,All_columns_with_identical_singular_form_to_plural_or_count_form_for_target_noun,All_columns_with_identical_plural_and_count_forms,All_columns_with_multiple_spaces,All_columns_with_a_final_space
target1,P1,явор,явори,явора,явори,m,pl,m,pl,Стопаните наториха,два,посаден,посаден,нисък,ниск,ниски,посадени,,,ниски,посадени,между,,,,яворите,,кестен,кестени,кестена,,A,low,Стопаните наториха два ниски посадени яворите,кестен,2,4,,,,,,,
target1,P2,явор,явори,явора,явори,m,pl,m,pl,Стопаните наториха,два,посаден,посаден,нисък,ниск,,посадени,ниските,,,посадени,между,,,ниските,явори,,кестен,кестени,кестена,,B,low,Стопаните наториха два посадени ниските явори,кестен,2,4,,,,,,,
target1,P3,явор,явори,явора,явори,m,pl,m,pl,Стопаните наториха,два,посаден,посаден,нисък,ниск,,посадени,,ниски,,посадени,между,,,,яворите,ниски,кестен,кестени,кестена,,C,low,Стопаните наториха два посадени яворите ниски,кестен,2,4,,,,,,,
target1,P1,монах,монаси,монаха,монаси,m,pl,m,pl,Учените разчетоха,три,преписан,преписан,средновековен,средновековн,средновековни,преписани,,,средновековни,преписани,от,,,,монасите,,ръкопис,ръкописи,ръкописа,,C,low,Учените разчетоха три средновековни преписани монасите,ръкопис,2,4,,,,,,,
target1,P2,монах,монаси,монаха,монаси,m,pl,m,pl,Учените разчетоха,три,преписан,преписан,средновековен,средновековн,,преписани,средновековните,,,преписани,от,,,средновековните,монаси,,ръкопис,ръкописи,ръкописа,,A,low,Учените разчетоха три преписани средновековните монаси,ръкопис,2,4,,,,,,,
target1,P3,монах,монаси,монаха,монаси,m,pl,m,pl,Учените разчетоха,три,преписан,преписан,средновековен,средновековн,,преписани,,средновековни,,преписани,от,,,,монасите,средновековни,ръкопис,ръкописи,ръкописа,,B,low,Учените разчетоха три преписани монасите средновековни,ръкопис,2,4,,,,,,,
target1,P1,студент,студенти,студента,студенти,m,pl,m,pl,Уредниците изложиха,четири,фотографиран,фотографиран,млад,млад,млади,фотографирани,,,млади,фотографирани,от,,,,студентите,,жерав,жерави,жерава,,B,low,Уредниците изложиха четири млади фотографирани студентите,жерав,2,4,,,,,,,
target1,P2,студент,студенти,студента,студенти,m,pl,m,pl,Уредниците изложиха,четири,фотографиран,фотографиран,млад,млад,,фотографирани,младите,,,фотографирани,от,,,младите,студенти,,жерав,жерави,жерава,,C,low,Уредниците изложиха четири фотографирани младите студенти,жерав,2,4,,,,,,,
target1,P3,студент,студенти,студента,студенти,m,pl,m,pl,Уредниците изложиха,четири,фотографиран,фотографиран,млад,млад,,фотографирани,,млади,,фотографирани,от,,,,студентите,млади,жерав,жерави,жерава,,A,low,Уредниците изложиха четири фотографирани студентите млади,жерав,2,4,,,,,,,
target1,P1,тигър,тигри,тигъра,тигри,m,pl,m,pl,Ловците заловиха,пет,подгонен,подгонен,див,див,диви,подгонени,,,диви,подгонени,от,,,,тигрите,,елен,елени,елена,,A,high,Ловците заловиха пет диви подгонени тигрите,елен,2,4,,,,,,,
target1,P2,тигър,тигри,тигъра,тигри,m,pl,m,pl,Ловците заловиха,пет,подгонен,подгонен,див,див,,подгонени,дивите,,,подгонени,от,,,дивите,тигри,,елен,елени,елена,,B,high,Ловците заловиха пет подгонени дивите тигри,елен,2,4,,,,,,,
target1,P3,тигър,тигри,тигъра,тигри,m,pl,m,pl,Ловците заловиха,пет,подгонен,подгонен,див,див,,подгонени,,диви,,подгонени,от,,,,тигрите,диви,елен,елени,елена,,C,high,Ловците заловиха пет подгонени тигрите диви,елен,2,4,,,,,,,
target1,P1,компонент,компоненти,компонента,компоненти,m,pl,m,pl,Шофьорите разтовариха,шест,превозващ,превозващ,артилерийски,артилерийск,артилерийски,превозващи,,,артилерийски,превозващи,,,,,компонентите,,камион,камиони,камиона,,C,high,Шофьорите разтовариха шест артилерийски превозващи компонентите,камион,2,4,,,,,,,
target1,P2,компонент,компоненти,компонента,компоненти,m,pl,m,pl,Шофьорите разтовариха,шест,превозващ,превозващ,артилерийски,артилерийск,,превозващи,артилерийските,,,превозващи,,,,артилерийските,компоненти,,камион,камиони,камиона,,A,high,Шофьорите разтовариха шест превозващи артилерийските компоненти,камион,2,4,,,,,,,
target1,P3,компонент,компоненти,компонента,компоненти,m,pl,m,pl,Шофьорите разтовариха,шест,превозващ,превозващ,артилерийски,артилерийск,,превозващи,,артилерийски,,превозващи,,,,,компонентите,артилерийски,камион,камиони,камиона,,B,high,Шофьорите разтовариха шест превозващи компонентите артилерийски,камион,2,4,,,,,,,
target1,P1,патладжан,патладжани,патладжана,патладжани,m,pl,m,pl,Децата откъснаха,седем,растящ,растящ,розов,розов,розови,растящи,,,розови,растящи,до,,,,патладжаните,,домат,домати,домата,,B,high,Децата откъснаха седем розови растящи патладжаните,домат,2,4,,,,,,,
target1,P2,патладжан,патладжани,патладжана,патладжани,m,pl,m,pl,Децата откъснаха,седем,растящ,растящ,розов,розов,,растящи,розовите,,,растящи,до,,,розовите,патладжани,,домат,домати,домата,,C,high,Децата откъснаха седем растящи розовите патладжани,домат,2,4,,,,,,,
target1,P3,патладжан,патладжани,патладжана,патладжани,m,pl,m,pl,Децата откъснаха,седем,растящ,растящ,розов,розов,,растящи,,розови,,растящи,до,,,,патладжаните,розови,домат,домати,домата,,A,high,Децата откъснаха седем растящи патладжаните розови,домат,2,4,,,,,,,
target1,P1,медикамент,медикаменти,медикамента,медикаменти,m,pl,m,pl,Ветеринарят прегледа,два,лекуван,лекуван,опасен,опасн,опасни,лекувани,,,опасни,лекувани,с,,,,медикаментите,,котарак,котараци,котарака,,A,low,Ветеринарят прегледа два опасни лекувани медикаментите,котарак,2,4,,,,,,,
target1,P2,медикамент,медикаменти,медикамента,медикаменти,m,pl,m,pl,Ветеринарят прегледа,два,лекуван,лекуван,опасен,опасн,,лекувани,опасните,,,лекувани,с,,,опасните,медикаменти,,котарак,котараци,котарака,,B,low,Ветеринарят прегледа два лекувани опасните медикаменти,котарак,2,4,,,,,,,
target1,P3,медикамент,медикаменти,медикамента,медикаменти,m,pl,m,pl,Ветеринарят прегледа,два,лекуван,лекуван,опасен,опасн,,лекувани,,опасни,,лекувани,с,,,,медикаментите,опасни,котарак,котараци,котарака,,C,low,Ветеринарят прегледа два лекувани медикаментите опасни,котарак,2,4,,,,,,,
target1,P1,буркан,буркани,буркана,буркани,m,pl,m,pl,Бояджиите разбъркаха,три,налѣт,налѣт,жълт,жълт,жълти,налети,,,жълти,налѣти,в,,,,бурканите,,разтвор,разтвори,разтвора,,C,low,Бояджиите разбъркаха три жълти налети бурканите,разтвор,2,4,,,,,,,
target1,P2,буркан,буркани,буркана,буркани,m,pl,m,pl,Бояджиите разбъркаха,три,налѣт,налѣт,жълт,жълт,,налети,жълтите,,,налѣти,в,,,жълтите,буркани,,разтвор,разтвори,разтвора,,A,low,Бояджиите разбъркаха три налети жълтите буркани,разтвор,2,4,,,,,,,
target1,P3,буркан,буркани,буркана,буркани,m,pl,m,pl,Бояджиите разбъркаха,три,налѣт,налѣт,жълт,жълт,,налети,,жълти,,налѣти,в,,,,бурканите,жълти,разтвор,разтвори,разтвора,,B,low,Бояджиите разбъркаха три налети бурканите жълти,разтвор,2,4,,,,,,,
target1,P1,трактор,трактори,трактора,трактори,m,pl,m,pl,Селяните засаждаха,четири,изоран,изоран,кооперативен,кооперативн,кооперативни,изорани,,,кооперативни,изорани,от,,,,тракторите,,терен,терени,терена,,B,low,Селяните засаждаха четири кооперативни изорани тракторите,терен,2,4,,,,,,,
target1,P2,трактор,трактори,трактора,трактори,m,pl,m,pl,Селяните засаждаха,четири,изоран,изоран,кооперативен,кооперативн,,изорани,кооперативните,,,изорани,от,,,кооперативните,трактори,,терен,терени,терена,,C,low,Селяните засаждаха четири изорани кооперативните трактори,терен,2,4,,,,,,,
target1,P3,трактор,трактори,трактора,трактори,m,pl,m,pl,Селяните засаждаха,четири,изоран,изоран,кооперативен,кооперативн,,изорани,,кооперативни,,изорани,от,,,,тракторите,кооперативни,терен,терени,терена,,A,low,Селяните засаждаха четири изорани тракторите кооперативни,терен,2,4,,,,,,,
target1,P1,експеримент,експерименти,експеримента,експерименти,m,pl,m,pl,Университетът одобри,пет,основан,основан,научен,научн,научни,основани,,,научни,основани,на,,,,експериментите,,образец,образци,образеца,,A,high,Университетът одобри пет научни основани експериментите,образец,2,4,,,,,,,
target1,P2,експеримент,експерименти,експеримента,експерименти,m,pl,m,pl,Университетът одобри,пет,основан,основан,научен,научн,,основани,научните,,,основани,на,,,научните,експерименти,,образец,образци,образеца,,B,high,Университетът одобри пет основани научните експерименти,образец,2,4,,,,,,,
target1,P3,експеримент,експерименти,експеримента,експерименти,m,pl,m,pl,Университетът одобри,пет,основан,основан,научен,научн,,основани,,научни,,основани,на,,,,експериментите,научни,образец,образци,образеца,,C,high,Университетът одобри пет основани експериментите научни,образец,2,4,,,,,,,
target1,P1,резервоар,резервоари,резервоара,резервоари,m,pl,m,pl,Моряците поправиха,шест,оборудван,оборудван,петролен,петролн,петролни,оборудвани,,,петролни,оборудвани,с,,indef,,резервоари,,танкер,танкери,танкера,,C,high,Моряците поправиха шест петролни оборудвани резервоари,танкер,2,4,,,,,,,
target1,P2,резервоар,резервоари,резервоара,резервоари,m,pl,m,pl,Моряците поправиха,шест,оборудван,оборудван,петролен,петролн,,оборудвани,петролни,,,оборудвани,с,,indef,петролни,резервоари,,танкер,танкери,танкера,,A,high,Моряците поправиха шест оборудвани петролни резервоари,танкер,2,4,,,,,,,
target1,P3,резервоар,резервоари,резервоара,резервоари,m,pl,m,pl,Моряците поправиха,шест,оборудван,оборудван,петролен,петролн,,оборудвани,,петролни,,оборудвани,с,,indef,,резервоари,петролни,танкер,танкери,танкера,,B,high,Моряците поправиха шест оборудвани резервоари петролни,танкер,2,4,,,,,,,
target1,P1,метал,метали,метала,метали,m,pl,m,pl,Юбилярите получиха,седем,изработен,изработен,скъпоценен,скъпоценн,скъпоценни,изработени,,,скъпоценни,изработени,от,,indef,,метали,,медал,медали,медала,,B,high,Юбилярите получиха седем скъпоценни изработени метали,медал,2,4,,,,,,,
target1,P2,метал,метали,метала,метали,m,pl,m,pl,Юбилярите получиха,седем,изработен,изработен,скъпоценен,скъпоценн,,изработени,скъпоценни,,,изработени,от,,indef,скъпоценни,метали,,медал,медали,медала,,C,high,Юбилярите получиха седем изработени скъпоценни метали,медал,2,4,,,,,,,
target1,P3,метал,метали,метала,метали,m,pl,m,pl,Юбилярите получиха,седем,изработен,изработен,скъпоценен,скъпоценн,,изработени,,скъпоценни,,изработени,от,,indef,,метали,скъпоценни,медал,медали,медала,,A,high,Юбилярите получиха седем изработени метали скъпоценни,медал,2,4,,,,,,,
target1,P1,боя,бои,бои,бои,f,pl,m,pl,Студентите разучаваха,два,нарисуван,нарисуван,акварелeн,акварелн,акварелни,нарисувани,,,акварелни,нарисувани,с,,,,боите,,портрет,портрети,портрета,,A,low,Студентите разучаваха два акварелни нарисувани боите,портрет,2,4,,,,,,,
target1,P2,боя,бои,бои,бои,f,pl,m,pl,Студентите разучаваха,два,нарисуван,нарисуван,акварелeн,акварелн,,нарисувани,акварелните,,,нарисувани,с,,,акварелните,бои,,портрет,портрети,портрета,,B,low,Студентите разучаваха два нарисувани акварелните бои,портрет,2,4,,,,,,,
target1,P3,боя,бои,бои,бои,f,pl,m,pl,Студентите разучаваха,два,нарисуван,нарисуван,акварелeн,акварелн,,нарисувани,,акварелни,,нарисувани,с,,,,боите,акварелни,портрет,портрети,портрета,,C,low,Студентите разучаваха два нарисувани боите акварелни,портрет,2,4,,,,,,,
target1,P1,среща,срещи,срещи,срещи,f,pl,m,pl,Чиновниците обнародваха,три,гласуван,гласуван,дълъг,дълг,дълги,гласувани,,,дълги,гласувани,след,,,,срещите,,закон,закони,закона,,C,low,Чиновниците обнародваха три дълги гласувани срещите,закон,2,4,,,,,,,
target1,P2,среща,срещи,срещи,срещи,f,pl,m,pl,Чиновниците обнародваха,три,гласуван,гласуван,дълъг,дълг,,гласувани,дългите,,,гласувани,след,,,дългите,срещи,,закон,закони,закона,,A,low,Чиновниците обнародваха три гласувани дългите срещи,закон,2,4,,,,,,,
target1,P3,среща,срещи,срещи,срещи,f,pl,m,pl,Чиновниците обнародваха,три,гласуван,гласуван,дълъг,дълг,,гласувани,,дълги,,гласувани,след,,,,срещите,дълги,закон,закони,закона,,B,low,Чиновниците обнародваха три гласувани срещите дълги,закон,2,4,,,,,,,
target1,P1,улица,улици,улици,улици,f,pl,m,pl,Геодезистите измериха,четири,разположен,разположен,градски,градск,градски,разположени,,,градски,разположени,между,,,,улиците,,район,райони,района,,B,low,Геодезистите измериха четири градски разположени улиците,район,2,4,,,,,,,
target1,P2,улица,улици,улици,улици,f,pl,m,pl,Геодезистите измериха,четири,разположен,разположен,градски,градск,,разположени,градските,,,разположени,между,,,градските,улици,,район,райони,района,,C,low,Геодезистите измериха четири разположени градските улици,район,2,4,,,,,,,
target1,P3,улица,улици,улици,улици,f,pl,m,pl,Геодезистите измериха,четири,разположен,разположен,градски,градск,,разположени,,градски,,разположени,между,,,,улиците,градски,район,райони,района,,A,low,Геодезистите измериха четири разположени улиците градски,район,2,4,,,,,,,
target1,P1,компания,компании,компании,компании,f,pl,m,pl,Ръководителите оцениха,пет,конструиран,конструиран,швейцарски,швейцарск,швейцарски,конструирани,,,швейцарски,конструирани,от,,,,компаниите,,робот,роботи,робота,,A,high,Ръководителите оцениха пет швейцарски конструирани компаниите,робот,2,4,,,,,,,
target1,P2,компания,компании,компании,компании,f,pl,m,pl,Ръководителите оцениха,пет,конструиран,конструиран,швейцарски,швейцарск,,конструирани,швейцарските,,,конструирани,от,,,швейцарските,компании,,робот,роботи,робота,,B,high,Ръководителите оцениха пет конструирани швейцарските компании,робот,2,4,,,,,,,
target1,P3,компания,компании,компании,компании,f,pl,m,pl,Ръководителите оцениха,пет,конструиран,конструиран,швейцарски,швейцарск,,конструирани,,швейцарски,,конструирани,от,,,,компаниите,швейцарски,робот,роботи,робота,,C,high,Ръководителите оцениха пет конструирани компаниите швейцарски,робот,2,4,,,,,,,
target1,P1,агенция,агенции,агенции,агенции,f,pl,m,pl,Издателството публикува,шест,преведен,преведен,чужд,чужд,чужди,преведени,,,чужди,преведени,в,,,,агенциите,,роман,романи,романа,,C,high,Издателството публикува шест чужди преведени агенциите,роман,2,4,,,,,,,
target1,P2,агенция,агенции,агенции,агенции,f,pl,m,pl,Издателството публикува,шест,преведен,преведен,чужд,чужд,,преведени,чуждите,,,преведени,в,,,чуждите,агенции,,роман,романи,романа,,A,high,Издателството публикува шест преведени чуждите агенции,роман,2,4,,,,,,,
target1,P3,агенция,агенции,агенции,агенции,f,pl,m,pl,Издателството публикува,шест,преведен,преведен,чужд,чужд,,преведени,,чужди,,преведени,в,,,,агенциите,чужди,роман,романи,романа,,B,high,Издателството публикува шест преведени агенциите чужди,роман,2,4,,,,,,,
target1,P1,мрежа,мрежи,мрежи,мрежи,f,pl,m,pl,Рибарите разтовариха,седем,уловен,уловен,червен,червен,червени,уловени,,,червени,уловени,с,,,,мрежите,,рак,раци,рака,,B,high,Рибарите разтовариха седем червени уловени мрежите,рак,2,4,,,,,,,
target1,P2,мрежа,мрежи,мрежи,мрежи,f,pl,m,pl,Рибарите разтовариха,седем,уловен,уловен,червен,червен,,уловени,червените,,,уловени,с,,,червените,мрежи,,рак,раци,рака,,C,high,Рибарите разтовариха седем уловени червените мрежи,рак,2,4,,,,,,,
target1,P3,мрежа,мрежи,мрежи,мрежи,f,pl,m,pl,Рибарите разтовариха,седем,уловен,уловен,червен,червен,,уловени,,червени,,уловени,с,,,,мрежите,червени,рак,раци,рака,,A,high,Рибарите разтовариха седем уловени мрежите червени,рак,2,4,,,,,,,
target1,P1,стая,стаи,стаи,стаи,f,pl,m,pl,Хамалите изнесоха,два,оставен,оставен,ремонтиран,ремонтиран,ремонтирани,оставени,,,ремонтирани,оставени,в,,,,стаите,,диван,дивани,дивана,,A,low,Хамалите изнесоха два ремонтирани оставени стаите,диван,2,4,,,,,,,
target1,P2,стая,стаи,стаи,стаи,f,pl,m,pl,Хамалите изнесоха,два,оставен,оставен,ремонтиран,ремонтиран,,оставени,ремонтираните,,,оставени,в,,,ремонтираните,стаи,,диван,дивани,дивана,,B,low,Хамалите изнесоха два оставени ремонтираните стаи,диван,2,4,,,,,,,
target1,P3,стая,стаи,стаи,стаи,f,pl,m,pl,Хамалите изнесоха,два,оставен,оставен,ремонтиран,ремонтиран,,оставени,,ремонтирани,,оставени,в,,,,стаите,ремонтирани,диван,дивани,дивана,,C,low,Хамалите изнесоха два оставени стаите ремонтирани,диван,2,4,,,,,,,
target1,P1,лавица,лавици,лавици,лавици,f,pl,m,pl,Домакинята изми,три,поставен,поставен,прашен,прашн,прашни,поставени,,,прашни,поставени,на,,,,лавиците,,тиган,тигани,тигана,,C,low,Домакинята изми три прашни поставени лавиците,тиган,2,4,,,,,,,
target1,P2,лавица,лавици,лавици,лавици,f,pl,m,pl,Домакинята изми,три,поставен,поставен,прашен,прашн,,поставени,прашните,,,поставени,на,,,прашните,лавици,,тиган,тигани,тигана,,A,low,Домакинята изми три поставени прашните лавици,тиган,2,4,,,,,,,
target1,P3,лавица,лавици,лавици,лавици,f,pl,m,pl,Домакинята изми,три,поставен,поставен,прашен,прашн,,поставени,,прашни,,поставени,на,,,,лавиците,прашни,тиган,тигани,тигана,,B,low,Домакинята изми три поставени лавиците прашни,тиган,2,4,,,,,,,
target1,P1,пещера,пещери,пещери,пещери,f,pl,m,pl, Фотографът засне,четири,живеещ,живеещ,черен,черн,черни,живеещи,,,черни,живеещи,в,,,,пещерите,,прилеп,прилепи,прилепа,,B,low,Фотографът засне четири черни живеещи пещерите,прилеп,2,4,,,,,,,
target1,P2,пещера,пещери,пещери,пещери,f,pl,m,pl, Фотографът засне,четири,живеещ,живеещ,черен,черн,,живеещи,черните,,,живеещи,в,,,черните,пещери,,прилеп,прилепи,прилепа,,C,low,Фотографът засне четири живеещи черните пещери,прилеп,2,4,,,,,,,
target1,P3,пещера,пещери,пещери,пещери,f,pl,m,pl, Фотографът засне,четири,живеещ,живеещ,черен,черн,,живеещи,,черни,,живеещи,в,,,,пещерите,черни,прилеп,прилепи,прилепа,,A,low,Фотографът засне четири живеещи пещерите черни,прилеп,2,4,,,,,,,
target1,P1,маса,маси,маси,маси,f,pl,m,pl,Чистачката размести,пет,разположен,разположен,нисък,ниск,ниски,разположени,,,ниски,разположени,около,,,,масите,,креват,кревати,кревата,,A,high,Чистачката размести пет ниски разположени масите,креват,2,4,,,,,,,
target1,P2,маса,маси,маси,маси,f,pl,m,pl,Чистачката размести,пет,разположен,разположен,нисък,ниск,,разположени,ниските,,,разположени,около,,,ниските,маси,,креват,кревати,кревата,,B,high,Чистачката размести пет разположени ниските маси,креват,2,4,,,,,,,
target1,P3,маса,маси,маси,маси,f,pl,m,pl,Чистачката размести,пет,разположен,разположен,нисък,ниск,,разположени,,ниски,,разположени,около,,,,масите,ниски,креват,кревати,кревата,,C,high,Чистачката размести пет разположени масите ниски,креват,2,4,,,,,,,
target1,P1,торба,торби,торби,торби,f,pl,m,pl,Войникът изхвърли,шест,забравен,забравен,прокъсан,прокъсан,прокъсани,забравени,,,прокъсани,забравени,в,,,,торбите,,шинел,шинели,шинела,,C,high,Войникът изхвърли шест прокъсани забравени торбите,шинел,2,4,,,,,,,
target1,P2,торба,торби,торби,торби,f,pl,m,pl,Войникът изхвърли,шест,забравен,забравен,прокъсан,прокъсан,,забравени,прокъсаните,,,забравени,в,,,прокъсаните,торби,,шинел,шинели,шинела,,A,high,Войникът изхвърли шест забравени прокъсаните торби,шинел,2,4,,,,,,,
target1,P3,торба,торби,торби,торби,f,pl,m,pl,Войникът изхвърли,шест,забравен,забравен,прокъсан,прокъсан,,забравени,,прокъсани,,забравени,в,,,,торбите,прокъсани,шинел,шинели,шинела,,B,high,Войникът изхвърли шест забравени торбите прокъсани,шинел,2,4,,,,,,,
target1,P1,прежда,прежди,прежди,прежди,f,pl,m,pl,Бабата изплете,седем,нашарен,нашарен,пъстър,пъстр,пъстри,нашарени,,,пъстри,нашарени,с,,,,преждите,,чорап,чорапи,чорапа,,B,high,Бабата изплете седем пъстри нашарени преждите,чорап,2,4,,,,,,,
target1,P2,прежда,прежди,прежди,прежди,f,pl,m,pl,Бабата изплете,седем,нашарен,нашарен,пъстър,пъстр,,нашарени,пъстрите,,,нашарени,с,,,пъстрите,прежди,,чорап,чорапи,чорапа,,C,high,Бабата изплете седем нашарени пъстрите прежди,чорап,2,4,,,,,,,
target1,P3,прежда,прежди,прежди,прежди,f,pl,m,pl,Бабата изплете,седем,нашарен,нашарен,пъстър,пъстр,,нашарени,,пъстри,,нашарени,с,,,,преждите,пъстри,чорап,чорапи,чорапа,,A,high,Бабата изплете седем нашарени преждите пъстри,чорап,2,4,,,,,,,
target1,P1,изложение,изложения,изложения,изложения,n,pl,m,pl,Министерството съфинансира,два,свързан,свързан,международен,международн,международни,свързани,,,международни,свързани,с,,indef,,изложения,,проект,проекти,проекта,,A,low,Министерството съфинансира два международни свързани изложения,проект,2,4,,,,,,,
target1,P2,изложение,изложения,изложения,изложения,n,pl,m,pl,Министерството съфинансира,два,свързан,свързан,международен,международн,,свързани,международни,,,свързани,с,,indef,международни,изложения,,проект,проекти,проекта,,B,low,Министерството съфинансира два свързани международни изложения,проект,2,4,,,,,,,
target1,P3,изложение,изложения,изложения,изложения,n,pl,m,pl,Министерството съфинансира,два,свързан,свързан,международен,международн,,свързани,,международни,,свързани,с,,indef,,изложения,международни,проект,проекти,проекта,,C,low,Министерството съфинансира два свързани изложения международни,проект,2,4,,,,,,,
target1,P2,заседание,заседания,заседания,заседания,n,pl,m,pl,Депутатите приеха,три,обсъден,обсъден,политически,политическ,,обсъдени,политическите,,,обсъдени,на,,,политическите,заседания,,регламент,регламенти,регламента,,A,low,Депутатите приеха три обсъдени политическите заседания,регламент,2,4,,,,,,,
target1,P3,заседание,заседания,заседания,заседания,n,pl,m,pl,Депутатите приеха,три,обсъден,обсъден,политически,политическ,,обсъдени,,политически,,обсъдени,на,,,,заседанията,политически,регламент,регламенти,регламента,,B,low,Депутатите приеха три обсъдени заседанията политически,регламент,2,4,,,,,,,
target1,P1,заседание,заседания,заседания,заседания,n,pl,m,pl,Депутатите приеха,три,обсъден,обсъден,политически,политическ,политически,обсъдени,,,политически,обсъдени,на,,,,заседанията,,регламент,регламенти,регламента,,C,low,Депутатите приеха три политически обсъдени заседанията,регламент,2,4,,,,,,,
target1,P1,гласуване,гласувания,гласувания,гласувания,n,pl,m,pl,Комисията измени,четири,приет,приет,важен,важн,важни,приети,,,важни,приети,след,,,,гласуванията,,документ,документи,документа,,B,low,Комисията измени четири важни приети гласуванията,документ,2,4,,,,,,,
target1,P2,гласуване,гласувания,гласувания,гласувания,n,pl,m,pl,Комисията измени,четири,приет,приет,важен,важн,,приети,важните,,,приети,след,,,важните,гласувания,,документ,документи,документа,,C,low,Комисията измени четири приети важните гласувания,документ,2,4,,,,,,,
target1,P3,гласуване,гласувания,гласувания,гласувания,n,pl,m,pl,Комисията измени,четири,приет,приет,важен,важн,,приети,,важни,,приети,след,,,,гласуванията,важни,документ,документи,документа,,A,low,Комисията измени четири приети гласуванията важни,документ,2,4,,,,,,,
target1,P1,изпитание,изпитания,изпитания,изпитания,n,pl,m,pl,Служителите разгледаха,пет,нерешен,нерешен,труден,трудн,трудни,нерешени,,,трудни,нерешени,след,,,,изпитанията,,проблем,проблеми,проблема,,A,high,Служителите разгледаха пет трудни нерешени изпитанията,проблем,2,4,,,,,,,
target1,P2,изпитание,изпитания,изпитания,изпитания,n,pl,m,pl,Служителите разгледаха,пет,нерешен,нерешен,труден,трудн,,нерешени,трудните,,,нерешени,след,,,трудните,изпитания,,проблем,проблеми,проблема,,B,high,Служителите разгледаха пет нерешени трудните изпитания,проблем,2,4,,,,,,,
target1,P3,изпитание,изпитания,изпитания,изпитания,n,pl,m,pl,Служителите разгледаха,пет,нерешен,нерешен,труден,трудн,,нерешени,,трудни,,нерешени,след,,,,изпитанията,трудни,проблем,проблеми,проблема,,C,high,Служителите разгледаха пет нерешени изпитанията трудни,проблем,2,4,,,,,,,
target1,P1,оръжие,оръжия,оръжия,оръжия,n,pl,m,pl,Природозащитниците уловиха,шест,уплашен,уплашен,страшен,страшн,страшни,уплашени,,,страшни,уплашени,от,,,,оръжията,,орел,орли,орела,орели,C,high,Природозащитниците уловиха шест страшни уплашени оръжията,орел,2,4,,,,,,,
target1,P2,оръжие,оръжия,оръжия,оръжия,n,pl,m,pl,Природозащитниците уловиха,шест,уплашен,уплашен,страшен,страшн,,уплашени,страшните,,,уплашени,от,,,страшните,оръжия,,орел,орли,орела,орели,A,high,Природозащитниците уловиха шест уплашени страшните оръжия,орел,2,4,,,,,,,
target1,P3,оръжие,оръжия,оръжия,оръжия,n,pl,m,pl,Природозащитниците уловиха,шест,уплашен,уплашен,страшен,страшн,,уплашени,,страшни,,уплашени,от,,,,оръжията,страшни,орел,орли,орела,орели,B,high,Природозащитниците уловиха шест уплашени оръжията страшни,орел,2,4,,,,,,,
target1,P1,завоевание,завоевания,завоевания,завоевания,n,pl,m,pl,Филолозите изучаваха,седем,разпространен,разпространен,исторически,историческ,исторически,разпространени,,,исторически,разпространени,след,,,,завоеванията,,епос,епоси,епоса,,B,high,Филолозите изучаваха седем исторически разпространени завоеванията,епос,2,4,,,,,,,
target1,P2,завоевание,завоевания,завоевания,завоевания,n,pl,m,pl,Филолозите изучаваха,седем,разпространен,разпространен,исторически,историческ,,разпространени,историческите,,,разпространени,след,,,историческите,завоевания,,епос,епоси,епоса,,C,high,Филолозите изучаваха седем разпространени историческите завоевания,епос,2,4,,,,,,,
target1,P3,завоевание,завоевания,завоевания,завоевания,n,pl,m,pl,Филолозите изучаваха,седем,разпространен,разпространен,исторически,историческ,,разпространени,,исторически,,разпространени,след,,,,завоеванията,исторически,епос,епоси,епоса,,A,high,Филолозите изучаваха седем разпространени завоеванията исторически,епос,2,4,,,,,,,
target1,P1,момиче,момичета,момичета,момичета,n,pl,m,pl,Войниците положиха,два,изплетен,изплетен,красив,красив,красиви,изплетени,,,красиви,изплетени,от,,,,момичетата,,венец,венци,венеца,,A,low,Войниците положиха два красиви изплетени момичетата,венец,2,4,,,,,,,
target1,P2,момиче,момичета,момичета,момичета,n,pl,m,pl,Войниците положиха,два,изплетен,изплетен,красив,красив,,изплетени,красивите,,,изплетени,от,,,красивите,момичета,,венец,венци,венеца,,B,low,Войниците положиха два изплетени красивите момичета,венец,2,4,,,,,,,
target1,P3,момиче,момичета,момичета,момичета,n,pl,m,pl,Войниците положиха,два,изплетен,изплетен,красив,красив,,изплетени,,красиви,,изплетени,от,,,,момичетата,красиви,венец,венци,венеца,,C,low,Войниците положиха два изплетени момичетата красиви,венец,2,4,,,,,,,
target1,P1,дете,деца,деца,деца,n,pl,m,pl,Докторът излекува,три,отглеждан,отглеждан,миловиден,миловидн,миловидни,отглеждани,,,миловидни,отглеждани,от,,,,децата,,хамстер,хамстери,хамстера,,C,low,Докторът излекува три миловидни отглеждани децата,хамстер,2,4,,,,,,,
target1,P2,дете,деца,деца,деца,n,pl,m,pl,Докторът излекува,три,отглеждан,отглеждан,миловиден,миловидн,,отглеждани,миловидните,,,отглеждани,от,,,миловидните,деца,,хамстер,хамстери,хамстера,,A,low,Докторът излекува три отглеждани миловидните деца,хамстер,2,4,,,,,,,
target1,P3,дете,деца,деца,деца,n,pl,m,pl,Докторът излекува,три,отглеждан,отглеждан,миловиден,миловидн,,отглеждани,,миловидни,,отглеждани,от,,,,децата,миловидни,хамстер,хамстери,хамстера,,B,low,Докторът излекува три отглеждани децата миловидни,хамстер,2,4,,,,,,,
target1,P1,обсъждане,обсъждания,обсъждания,обсъждания,n,pl,m,pl,Юристите промениха,четири,одобрен,одобрен,парламентарен,парламентарн,парламентарни,одобрени,,,парламентарни,одобрени,след,,,,обсъжданията,,устав,устави,устава,,B,low,Юристите промениха четири парламентарни одобрени обсъжданията,устав,2,4,,,,,,,
target1,P2,обсъждане,обсъждания,обсъждания,обсъждания,n,pl,m,pl,Юристите промениха,четири,одобрен,одобрен,парламентарен,парламентарн,,одобрени,парламентарните,,,одобрени,след,,,парламентарните,обсъждания,,устав,устави,устава,,C,low,Юристите промениха четири одобрени парламентарните обсъждания,устав,2,4,,,,,,,
target1,P3,обсъждане,обсъждания,обсъждания,обсъждания,n,pl,m,pl,Юристите промениха,четири,одобрен,одобрен,парламентарен,парламентарн,,одобрени,,парламентарни,,одобрени,след,,,,обсъжданията,парламентарни,устав,устави,устава,,A,low,Юристите промениха четири одобрени обсъжданията парламентарни,устав,2,4,,,,,,,
target1,P1,отделение,отделения,отделения,отделения,n,pl,m,pl,Санитарите обработиха,пет,настанен,настанен,спешен,спешн,спешни,настанени,,,спешни,настанени,в,,,,отделенията,,случай,случаи,случая,,A,high,Санитарите обработиха пет спешни настанени отделенията,случай,2,4,,,,,,,
target1,P2,отделение,отделения,отделения,отделения,n,pl,m,pl,Санитарите обработиха,пет,настанен,настанен,спешен,спешн,,настанени,спешните,,,настанени,в,,,спешните,отделения,,случай,случаи,случая,,B,high,Санитарите обработиха пет настанени спешните отделения,случай,2,4,,,,,,,
target1,P3,отделение,отделения,отделения,отделения,n,pl,m,pl,Санитарите обработиха,пет,настанен,настанен,спешен,спешн,,настанени,,спешни,,настанени,в,,,,отделенията,спешни,случай,случаи,случая,,C,high,Санитарите обработиха пет настанени отделенията спешни,случай,2,4,,,,,,,
target1,P1,куче,кучета,кучета,кучета,n,pl,m,pl,Стопаните загубиха,шест,подплашен,подплашен,бѣл,бѣл,бели,подплашени,,,бѣли,подплашени,от,,,,кучетата,,папагал,папагали,папагала,,C,high,Стопаните загубиха шест бели подплашени кучетата,папагал,2,4,,,,,,,
target1,P2,куче,кучета,кучета,кучета,n,pl,m,pl,Стопаните загубиха,шест,подплашен,подплашен,бѣл,бѣл,,подплашени,белите,,,подплашени,от,,,бѣлите,кучета,,папагал,папагали,папагала,,A,high,Стопаните загубиха шест подплашени белите кучета,папагал,2,4,,,,,,,
target1,P3,куче,кучета,кучета,кучета,n,pl,m,pl,Стопаните загубиха,шест,подплашен,подплашен,бѣл,бѣл,,подплашени,,бели,,подплашени,от,,,,кучетата,бѣли,папагал,папагали,папагала,,B,high,Стопаните загубиха шест подплашени кучетата бели,папагал,2,4,,,,,,,
target1,P1,момче,момчета,момчета,момчета,n,pl,m,pl,Фермерът острига,седем,докаран,докаран,пъргав,пъргав,пъргави,докарани,,,пъргави,докарани,от,,,,момчетата,,овен,овни,овена,овени,B,high,Фермерът острига седем пъргави докарани момчетата,овен,2,4,,,,,,,
target1,P2,момче,момчета,момчета,момчета,n,pl,m,pl,Фермерът острига,седем,докаран,докаран,пъргав,пъргав,,докарани,пъргавите,,,докарани,от,,,пъргавите,момчета,,овен,овни,овена,овени,C,high,Фермерът острига седем докарани пъргавите момчета,овен,2,4,,,,,,,
target1,P3,момче,момчета,момчета,момчета,n,pl,m,pl,Фермерът острига,седем,докаран,докаран,пъргав,пъргав,,докарани,,пъргави,,докарани,от,,,,момчетата,пъргави,овен,овни,овена,овени,A,high,Фермерът острига седем докарани момчетата пъргави,овен,2,4,,,,,,,
filler1,P1,щат,щати,щата,щати,m,pl,f,pl,Учителят показваше,четири,пресичащ,пресичащ,източен,източн,източни,пресичащи,,,източни,пресичащи,,,,,щатите,,магистрала,магистрали,магистрали,,A,low,Учителят показваше четири източни пресичащи щатите,магистрала,1,4,,,,,,,
filler1,P2,щат,щати,щата,щати,m,pl,f,pl,Учителят показваше,четири,пресичащ,пресичащ,източен,източн,,пресичащи,източните,,,пресичащи,,,,източните,щати,,магистрала,магистрали,магистрали,,B,low,Учителят показваше четири пресичащи източните щати,магистрала,1,4,,,,,,,
filler1,P3,щат,щати,щата,щати,m,pl,f,pl,Учителят показваше,четири,пресичащ,пресичащ,източен,източн,,пресичащи,,източни,,пресичащи,,,,,щатите,източни,магистрала,магистрали,магистрали,,C,low,Учителят показваше четири пресичащи щатите източни,магистрала,1,4,,,,,,,
filler1,P1,магазин,магазини,магазина,магазини,m,pl,f,pl,Съпругата хареса,пет,купен,купен,скъп,скъп,скъпи,купени,,,скъпи,купени,от,,,,магазините,,огърлица,огърлици,огърлици,,C,high,Съпругата хареса пет скъпи купени магазините,огърлица,1,4,,,,,,,
filler1,P2,магазин,магазини,магазина,магазини,m,pl,f,pl,Съпругата хареса,пет,купен,купен,скъп,скъп,,купени,скъпите,,,купени,от,,,скъпите,магазини,,огърлица,огърлици,огърлици,,A,high,Съпругата хареса пет купени скъпите магазини,огърлица,1,4,,,,,,,
filler1,P3,магазин,магазини,магазина,магазини,m,pl,f,pl,Съпругата хареса,пет,купен,купен,скъп,скъп,,купени,,скъпи,,купени,от,,,,магазините,скъпи,огърлица,огърлици,огърлици,,B,high,Съпругата хареса пет купени магазините скъпи,огърлица,1,4,,,,,,,
filler1,P1,митинг,митинги,митинга,митинги,m,pl,f,pl,Програмата включваше,шест,организиран,организиран,разрешен,разрешен,разрешени,организирани,,,разрешени,организирани,след,,,,митингите,,дискусия,дискусии,дискусии,,B,high,Програмата включваше шест разрешени организирани митингите,дискусия,1,4,,,,,,,
filler1,P2,митинг,митинги,митинга,митинги,m,pl,f,pl,Програмата включваше,шест,организиран,организиран,разрешен,разрешен,,организирани,разрешените,,,организирани,след,,,разрешените,митинги,,дискусия,дискусии,дискусии,,C,high,Програмата включваше шест организирани разрешените митинги,дискусия,1,4,,,,,,,
filler1,P3,митинг,митинги,митинга,митинги,m,pl,f,pl,Програмата включваше,шест,организиран,организиран,разрешен,разрешен,,организирани,,разрешени,,организирани,след,,,,митингите,разрешени,дискусия,дискусии,дискусии,,A,high,Програмата включваше шест организирани митингите разрешени,дискусия,1,4,,,,,,,
filler1,P1,телескоп,телескопи,телескопа,телескопи,m,pl,f,pl,Астрономите описаха,седем,наблюдаван,наблюдаван,нов,нов,нови,наблюдавани,,,нови,наблюдавани,с,,,,телескопите,,звезда,звезди,звезди,,A,high,Астрономите описаха седем нови наблюдавани телескопите,звезда,1,4,,,,,,,
filler1,P2,телескоп,телескопи,телескопа,телескопи,m,pl,f,pl,Астрономите описаха,седем,наблюдаван,наблюдаван,нов,нов,,наблюдавани,новите,,,наблюдавани,с,,,новите,телескопи,,звезда,звезди,звезди,,B,high,Астрономите описаха седем наблюдавани новите телескопи,звезда,1,4,,,,,,,
filler1,P3,телескоп,телескопи,телескопа,телескопи,m,pl,f,pl,Астрономите описаха,седем,наблюдаван,наблюдаван,нов,нов,,наблюдавани,,нови,,наблюдавани,с,,,,телескопите,нови,звезда,звезди,звезди,,C,high,Астрономите описаха седем наблюдавани телескопите нови,звезда,1,4,,,,,,,
filler1,P1,конкурент,конкуренти,конкурента,конкуренти,m,pl,f,pl,Отборът премина,пет,оспорван,оспорван,силен,силн,силни,оспорвани,,,силни,оспорвани,от,,,,конкурентите,,квалификация,квалификации,квалификации,,C,high,Отборът премина пет силни оспорвани конкурентите,квалификация,1,4,,,,,,,
filler1,P2,конкурент,конкуренти,конкурента,конкуренти,m,pl,f,pl,Отборът премина,пет,оспорван,оспорван,силен,силн,,оспорвани,силните,,,оспорвани,от,,,силните,конкуренти,,квалификация,квалификации,квалификации,,A,high,Отборът премина пет оспорвани силните конкуренти,квалификация,1,4,,,,,,,
filler1,P3,конкурент,конкуренти,конкурента,конкуренти,m,pl,f,pl,Отборът премина,пет,оспорван,оспорван,силен,силн,,оспорвани,,силни,,оспорвани,от,,,,конкурентите,силни,квалификация,квалификации,квалификации,,B,high,Отборът премина пет оспорвани конкурентите силни,квалификация,1,4,,,,,,,
filler1,P1,скандал,скандали,скандала,скандали,m,pl,f,pl,Гимнастикът пропусна,седем,разтърсен,разтърсен,спортен,спортн,спортни,разтърсени,,,спортни,разтърсени,от,,indef,,скандали,,надпревара,надпревари,надпревари,,B,high,Гимнастикът пропусна седем спортни разтърсени скандали,надпревара,1,4,,,,,,,
filler1,P2,скандал,скандали,скандала,скандали,m,pl,f,pl,Гимнастикът пропусна,седем,разтърсен,разтърсен,спортен,спортн,,разтърсени,спортни,,,разтърсени,от,,indef,спортни,скандали,,надпревара,надпревари,надпревари,,C,high,Гимнастикът пропусна седем разтърсени спортни скандали,надпревара,1,4,,,,,,,
filler1,P3,скандал,скандали,скандала,скандали,m,pl,f,pl,Гимнастикът пропусна,седем,разтърсен,разтърсен,спортен,спортн,,разтърсени,,спортни,,разтърсени,от,,indef,,скандали,спортни,надпревара,надпревари,надпревари,,A,high,Гимнастикът пропусна седем разтърсени скандали спортни,надпревара,1,4,,,,,,,
filler1,P1,палка,палки,палки,палки,f,pl,f,pl,Дърводелецът поправи,две,разбит,разбит,тежък,тежк,тежки,разбити,,,тежки,разбити,с,,,,палките,,врата,врати,врати,,A,low,Дърводелецът поправи две тежки разбити палките,врата,1,4,,,,,,,
filler1,P2,палка,палки,палки,палки,f,pl,f,pl,Дърводелецът поправи,две,разбит,разбит,тежък,тежк,,разбити,тежките,,,разбити,с,,,тежките,палки,,врата,врати,врати,,B,low,Дърводелецът поправи две разбити тежките палки,врата,1,4,,,,,,,
filler1,P3,палка,палки,палки,палки,f,pl,f,pl,Дърводелецът поправи,две,разбит,разбит,тежък,тежк,,разбити,,тежки,,разбити,с,,,,палките,тежки,врата,врати,врати,,C,low,Дърводелецът поправи две разбити палките тежки,врата,1,4,,,,,,,
filler1,P1,лъвица,лъвици,лъвици,лъвици,f,pl,f,pl,Операторът засне,пет,подгонен,подгонен,див,див,диви,подгонени,,,диви,подгонени,от,,,,лъвиците,,зебра,зебри,зебри,,C,high,Операторът засне пет диви подгонени лъвиците,зебра,1,4,,,,,,,
filler1,P2,лъвица,лъвици,лъвици,лъвици,f,pl,f,pl,Операторът засне,пет,подгонен,подгонен,див,див,,подгонени,дивите,,,подгонени,от,,,дивите,лъвици,,зебра,зебри,зебри,,A,high,Операторът засне пет подгонени дивите лъвици,зебра,1,4,,,,,,,
filler1,P3,лъвица,лъвици,лъвици,лъвици,f,pl,f,pl,Операторът засне,пет,подгонен,подгонен,див,див,,подгонени,,диви,,подгонени,от,,,,лъвиците,диви,зебра,зебри,зебри,,B,high,Операторът засне пет подгонени лъвиците диви,зебра,1,4,,,,,,,
filler1,P1,съдийка,съдийки,съдийки,съдийки,f,pl,f,pl,Състезателката изпълни,шест,изискван,изискван,нов,нов,нови,изисквани,,,нови,изисквани,от,,,,съдийките,,фигура,фигури,фигури,,B,high,Състезателката изпълни шест нови изисквани съдийките,фигура,1,4,,,,,,,
filler1,P2,съдийка,съдийки,съдийки,съдийки,f,pl,f,pl,Състезателката изпълни,шест,изискван,изискван,нов,нов,,изисквани,новите,,,изисквани,от,,,новите,съдийки,,фигура,фигури,фигури,,C,high,Състезателката изпълни шест изисквани новите съдийки,фигура,1,4,,,,,,,
filler1,P3,съдийка,съдийки,съдийки,съдийки,f,pl,f,pl,Състезателката изпълни,шест,изискван,изискван,нов,нов,,изисквани,,нови,,изисквани,от,,,,съдийките,нови,фигура,фигури,фигури,,A,high,Състезателката изпълни шест изисквани съдийките нови,фигура,1,4,,,,,,,
filler1,P1,плоча,плочи,плочи,плочи,f,pl,f,pl,Певецът изпълни,седем,записан,записан,солов,солов,солови,записани,,,солови,записани,на,,indef,,плочи,,песен,песни,песни,,A,high,Певецът изпълни седем солови записани плочи,песен,1,4,,,,,,,
filler1,P2,плоча,плочи,плочи,плочи,f,pl,f,pl,Певецът изпълни,седем,записан,записан,солов,солов,,записани,солови,,,записани,на,,indef,солови,плочи,,песен,песни,песни,,B,high,Певецът изпълни седем записани солови плочи,песен,1,4,,,,,,,
filler1,P3,плоча,плочи,плочи,плочи,f,pl,f,pl,Певецът изпълни,седем,записан,записан,солов,солов,,записани,,солови,,записани,на,,indef,,плочи,солови,песен,песни,песни,,C,high,Певецът изпълни седем записани плочи солови,песен,1,4,,,,,,,
filler1,P1,гледка,гледки,гледки,гледки,f,pl,f,pl,Семейството посети,пет,прочут,прочут,великолепен,великолепн,великолепни,прочути,,,великолепни,прочути,с,,,,гледките,,градина,градини,градини,,C,high,Семейството посети пет великолепни прочути гледките,градина,1,4,,,,,,,
filler1,P2,гледка,гледки,гледки,гледки,f,pl,f,pl,Семейството посети,пет,прочут,прочут,великолепен,великолепн,,прочути,великолепните,,,прочути,с,,,великолепните,гледки,,градина,градини,градини,,A,high,Семейството посети пет прочути великолепните гледки,градина,1,4,,,,,,,
filler1,P3,гледка,гледки,гледки,гледки,f,pl,f,pl,Семейството посети,пет,прочут,прочут,великолепен,великолепн,,прочути,,великолепни,,прочути,с,,,,гледките,великолепни,градина,градини,градини,,B,high,Семейството посети пет прочути гледките великолепни,градина,1,4,,,,,,,
filler1,P1,установка,установки,установки,установки,f,pl,f,pl,Оръдията изстреляха,седем,разположен,разположен,зенитен,зенитн,зенитни,разположени,,,зенитни,разположени,на,,,,установките,,ракета,ракети,ракети,,B,high,Оръдията изстреляха седем зенитни разположени установките,ракета,1,4,,,,,,,
filler1,P2,установка,установки,установки,установки,f,pl,f,pl,Оръдията изстреляха,седем,разположен,разположен,зенитен,зенитн,,разположени,зенитните,,,разположени,на,,,зенитните,установки,,ракета,ракети,ракети,,C,high,Оръдията изстреляха седем разположени зенитните установки,ракета,1,4,,,,,,,
filler1,P3,установка,установки,установки,установки,f,pl,f,pl,Оръдията изстреляха,седем,разположен,разположен,зенитен,зенитн,,разположени,,зенитни,,разположени,на,,,,установките,зенитни,ракета,ракети,ракети,,A,high,Оръдията изстреляха седем разположени установките зенитни,ракета,1,4,,,,,,,
filler1,P1,предписание,предписания,предписания,предписания,n,pl,f,pl,Флотът нападна,шест,следващ,следващ,военен,военн,военни,следващи,,,военни,следващи,,,,,предписанията,,цел,цели,цели,,A,high,Флотът нападна шест военни следващи предписанията,цел,1,4,,,,,,,
filler1,P2,предписание,предписания,предписания,предписания,n,pl,f,pl,Флотът нападна,шест,следващ,следващ,военен,военн,,следващи,военните,,,следващи,,,,военните,предписания,,цел,цели,цели,,B,high,Флотът нападна шест следващи военните предписания,цел,1,4,,,,,,,
filler1,P3,предписание,предписания,предписания,предписания,n,pl,f,pl,Флотът нападна,шест,следващ,следващ,военен,военн,,следващи,,военни,,следващи,,,,,предписанията,военни,цел,цели,цели,,C,high,Флотът нападна шест следващи предписанията военни,цел,1,4,,,,,,,
filler1,P1,състезание,състезания,състезания,състезания,n,pl,f,pl,Тенисистът защити,седем,придобит,придобит,престижен,престижн,престижни,придобити,,,престижни,придобити,в,,,,състезанията,,титла,титли,титли,,C,high,Тенисистът защити седем престижни придобити състезанията,титла,1,4,,,,,,,
filler1,P2,състезание,състезания,състезания,състезания,n,pl,f,pl,Тенисистът защити,седем,придобит,придобит,престижен,престижн,,придобити,престижните,,,придобити,в,,,престижните,състезания,,титла,титли,титли,,A,high,Тенисистът защити седем придобити престижните състезания,титла,1,4,,,,,,,
filler1,P3,състезание,състезания,състезания,състезания,n,pl,f,pl,Тенисистът защити,седем,придобит,придобит,престижен,престижн,,придобити,,престижни,,придобити,в,,,,състезанията,престижни,титла,титли,титли,,B,high,Тенисистът защити седем придобити състезанията престижни,титла,1,4,,,,,,,
filler1,P1,винтче,винтчета,винтчета,винтчета,n,pl,f,pl,Работниците развинтиха,четири,закачен,закачен,метален,металн,метални,закачени,,,метални,закачени,с,,indef,,винтчета,,закачалка,закачалки,закачалки,,B,low,Работниците развинтиха четири метални закачени винтчета,закачалка,1,4,,,,,,,
filler1,P2,винтче,винтчета,винтчета,винтчета,n,pl,f,pl,Работниците развинтиха,четири,закачен,закачен,метален,металн,,закачени,метални,,,закачени,с,,indef,метални,винтчета,,закачалка,закачалки,закачалки,,C,low,Работниците развинтиха четири закачени метални винтчета,закачалка,1,4,,,,,,,
filler1,P3,винтче,винтчета,винтчета,винтчета,n,pl,f,pl,Работниците развинтиха,четири,закачен,закачен,метален,металн,,закачени,,метални,,закачени,с,,indef,,винтчета,метални,закачалка,закачалки,закачалки,,A,low,Работниците развинтиха четири закачени винтчета метални,закачалка,1,4,,,,,,,
filler1,P1,наводнение,наводнения,наводнения,наводнения,n,pl,f,pl,Инженерите овладяха,пет,прелѣл,прелѣл,бурен,бурн,бурни,прелели,,,бурни,прелѣли,след,,,,наводненията,,река,реки,реки,,A,high,Инженерите овладяха пет бурни прелели наводненията,река,1,4,,,,,,,
filler1,P2,наводнение,наводнения,наводнения,наводнения,n,pl,f,pl,Инженерите овладяха,пет,прелѣл,прелѣл,бурен,бурн,,прелели,бурните,,,прелѣли,след,,,бурните,наводнения,,река,реки,реки,,B,high,Инженерите овладяха пет прелели бурните наводнения,река,1,4,,,,,,,
filler1,P3,наводнение,наводнения,наводнения,наводнения,n,pl,f,pl,Инженерите овладяха,пет,прелѣл,прелѣл,бурен,бурн,,прелели,,бурни,,прелѣли,след,,,,наводненията,бурни,река,реки,реки,,C,high,Инженерите овладяха пет прелели наводненията бурни,река,1,4,,,,,,,
filler1,P1,вещество,вещества,вещества,вещества,n,pl,f,pl,Изобретателите анализираха,шест,изграден,изграден,сложен,сложн,сложни,изградени,,,сложни,изградени,от,,indef,,вещества,,молекула,молекули,молекули,,C,high,Изобретателите анализираха шест сложни изградени вещества,молекула,1,4,,,,,,,
filler1,P2,вещество,вещества,вещества,вещества,n,pl,f,pl,Изобретателите анализираха,шест,изграден,изграден,сложен,сложн,,изградени,сложни,,,изградени,от,,indef,сложни,вещества,,молекула,молекули,молекули,,A,high,Изобретателите анализираха шест изградени сложни вещества,молекула,1,4,,,,,,,
filler1,P3,вещество,вещества,вещества,вещества,n,pl,f,pl,Изобретателите анализираха,шест,изграден,изграден,сложен,сложн,,изградени,,сложни,,изградени,от,,indef,,вещества,сложни,молекула,молекули,молекули,,B,high,Изобретателите анализираха шест изградени вещества сложни,молекула,1,4,,,,,,,
filler1,P1,ястие,ястия,ястия,ястия,n,pl,f,pl,Домакинът сервира,седем,приготвен,приготвен,апетитен,апетитн,апетитни,приготвени,,,апетитни,приготвени,в,,indef,,ястия,,риба,риби,риби,,B,high,Домакинът сервира седем апетитни приготвени ястия,риба,1,4,,,,,,,
filler1,P2,ястие,ястия,ястия,ястия,n,pl,f,pl,Домакинът сервира,седем,приготвен,приготвен,апетитен,апетитн,,приготвени,апетитни,,,приготвени,в,,indef,апетитни,ястия,,риба,риби,риби,,C,high,Домакинът сервира седем приготвени апетитни ястия,риба,1,4,,,,,,,
filler1,P3,ястие,ястия,ястия,ястия,n,pl,f,pl,Домакинът сервира,седем,приготвен,приготвен,апетитен,апетитн,,приготвени,,апетитни,,приготвени,в,,indef,,ястия,апетитни,риба,риби,риби,,A,high,Домакинът сервира седем приготвени ястия апетитни,риба,1,4,,,,,,,
filler2,P1,мечок,мечоци,мечока,мечоци,m,pl,m,pl,Екипът фотографира,,уплашен,уплашен,черен,черн,черните,уплашени,,,черните,уплашени,от,,,,мечоците,,синигер,синигери,синигера,,A,none,Екипът фотографира черните уплашени мечоците,синигер,1,3,,,,,,,
filler2,P2,мечок,мечоци,мечока,мечоци,m,pl,m,pl,Екипът фотографира,,уплашен,уплашен,черен,черн,,уплашените,черните,,,уплашените,от,,,черните,мечоци,,синигер,синигери,синигера,,B,none,Екипът фотографира уплашените черните мечоци,синигер,1,3,,,,,,,
filler2,P3,мечок,мечоци,мечока,мечоци,m,pl,m,pl,Екипът фотографира,,уплашен,уплашен,черен,черн,,уплашените,,черни,,уплашените,от,,,,мечоците,черни,синигер,синигери,синигера,,C,none,Екипът фотографира уплашените мечоците черни,синигер,1,3,,,,,,,
filler2,P1,предприемач,предприемачи,предприемача,предприемачи,m,pl,m,pl,Списанието рекламираше,,изграден,изграден,турски,турск,турските,изградени,,,турските,изградени,от,,,,предприемачите,,курорт,курорти,курорта,,C,none,Списанието рекламираше турските изградени предприемачите,курорт,1,3,,,,,,,
filler2,P2,предприемач,предприемачи,предприемача,предприемачи,m,pl,m,pl,Списанието рекламираше,,изграден,изграден,турски,турск,,изградените,турските,,,изградените,от,,,турските,предприемачи,,курорт,курорти,курорта,,A,none,Списанието рекламираше изградените турските предприемачи,курорт,1,3,,,,,,,
filler2,P3,предприемач,предприемачи,предприемача,предприемачи,m,pl,m,pl,Списанието рекламираше,,изграден,изграден,турски,турск,,изградените,,турски,,изградените,от,,,,предприемачите,турски,курорт,курорти,курорта,,B,none,Списанието рекламираше изградените предприемачите турски,курорт,1,3,,,,,,,
filler2,P1,дървар,дървари,дърваря,дървари,m,pl,m,pl,Планинарите забелязаха,,отсечен,отсечен,стар,стар,старите,отсечени,,,старите,отсечени,от,,,,дърварите,,орех,орехи,ореха,,B,none,Планинарите забелязаха старите отсечени дърварите,орех,1,3,,,,,,,
filler2,P2,дървар,дървари,дърваря,дървари,m,pl,m,pl,Планинарите забелязаха,,отсечен,отсечен,стар,стар,,отсечените,старите,,,отсечените,от,,,старите,дървари,,орех,орехи,ореха,,C,none,Планинарите забелязаха отсечените старите дървари,орех,1,3,,,,,,,
filler2,P3,дървар,дървари,дърваря,дървари,m,pl,m,pl,Планинарите забелязаха,,отсечен,отсечен,стар,стар,,отсечените,,стари,,отсечените,от,,,,дърварите,стари,орех,орехи,ореха,,A,none,Планинарите забелязаха отсечените дърварите стари,орех,1,3,,,,,,,
filler2,P1,фар,фарове,фара,фарове,m,pl,m,pl,Капитанът забеляза,,привлечен,привлечен,океански,океанск,океанските,привлечени,,,океанските,привлечени,от,,,,фаровете,,кит,китове,кита,,A,none,Капитанът забеляза океанските привлечени фаровете,кит,1,3,,,,,,,
filler2,P2,фар,фарове,фара,фарове,m,pl,m,pl,Капитанът забеляза,,привлечен,привлечен,океански,океанск,,привлечените,океанските,,,привлечените,от,,,океанските,фарове,,кит,китове,кита,,B,none,Капитанът забеляза привлечените океанските фарове,кит,1,3,,,,,,,
filler2,P3,фар,фарове,фара,фарове,m,pl,m,pl,Капитанът забеляза,,привлечен,привлечен,океански,океанск,,привлечените,,океански,,привлечените,от,,,,фаровете,океански,кит,китове,кита,,C,none,Капитанът забеляза привлечените фаровете океански,кит,1,3,,,,,,,
filler2,P1,крем,кремове,крема,кремове,m,pl,m,pl,Сладкарят продаде,,приготвен,приготвен,млечен,млечн,млечните,приготвени,,,млечните,приготвени,с,,indef,,кремове,,десерт,десерти,десерта,,C,none,Сладкарят продаде млечните приготвени кремове,десерт,1,3,,,,,,,
filler2,P2,крем,кремове,крема,кремове,m,pl,m,pl,Сладкарят продаде,,приготвен,приготвен,млечен,млечн,,приготвените,млечни,,,приготвените,с,,indef,млечни,кремове,,десерт,десерти,десерта,,A,none,Сладкарят продаде приготвените млечни кремове,десерт,1,3,,,,,,,
filler2,P3,крем,кремове,крема,кремове,m,pl,m,pl,Сладкарят продаде,,приготвен,приготвен,млечен,млечн,,приготвените,,млечни,,приготвените,с,,indef,,кремове,млечни,десерт,десерти,десерта,,B,none,Сладкарят продаде приготвените кремове млечни,десерт,1,3,,,,,,,
filler2,P1,кръг,кръгове,кръга,кръгове,m,pl,m,pl,Полицията арестува,,организиран,организиран,крупен,крупн,крупните,организирани,,,крупните,организирани,в,,indef,,кръгове,,мафиот,мафиоти,мафиота,,B,none,Полицията арестува крупните организирани кръгове,мафиот,1,3,,,,,,,
filler2,P2,кръг,кръгове,кръга,кръгове,m,pl,m,pl,Полицията арестува,,организиран,организиран,крупен,крупн,,организираните,крупни,,,организираните,в,,indef,крупни,кръгове,,мафиот,мафиоти,мафиота,,C,none,Полицията арестува организираните крупни кръгове,мафиот,1,3,,,,,,,
filler2,P3,кръг,кръгове,кръга,кръгове,m,pl,m,pl,Полицията арестува,,организиран,организиран,крупен,крупн,,организираните,,крупни,,организираните,в,,indef,,кръгове,крупни,мафиот,мафиоти,мафиота,,A,none,Полицията арестува организираните кръгове крупни,мафиот,1,3,,,,,,,
filler2,P1,книжарница,книжарници,книжарници,книжарници,f,pl,m,pl,Учениците търсеха,,продаван,продаван,нов,нов,новите,продавани,,,новите,продавани,в,,,,книжарниците,,учебник,учебници,учебника,,A,none,Учениците търсеха новите продавани книжарниците,учебник,1,3,,,,,,,
filler2,P2,книжарница,книжарници,книжарници,книжарници,f,pl,m,pl,Учениците търсеха,,продаван,продаван,нов,нов,,продаваните,новите,,,продаваните,в,,,новите,книжарници,,учебник,учебници,учебника,,B,none,Учениците търсеха продаваните новите книжарници,учебник,1,3,,,,,,,
filler2,P3,книжарница,книжарници,книжарници,книжарници,f,pl,m,pl,Учениците търсеха,,продаван,продаван,нов,нов,,продаваните,,нови,,продаваните,в,,,,книжарниците,нови,учебник,учебници,учебника,,C,none,Учениците търсеха продаваните книжарниците нови,учебник,1,3,,,,,,,
filler2,P1,художничка,художнички,художнички,художнички,f,pl,m,pl,Кметът откри,,реставриран,реставриран,италиански,италианск,италианските,реставрирани,,,италианските,реставрирани,от,,,,художничките,,дворец,дворци,двореца,,C,none,Кметът откри италианските реставрирани художничките,дворец,1,3,,,,,,,
filler2,P2,художничка,художнички,художнички,художнички,f,pl,m,pl,Кметът откри,,реставриран,реставриран,италиански,италианск,,реставрираните,италианските,,,реставрираните,от,,,италианските,художнички,,дворец,дворци,двореца,,A,none,Кметът откри реставрираните италианските художнички,дворец,1,3,,,,,,,
filler2,P3,художничка,художнички,художнички,художнички,f,pl,m,pl,Кметът откри,,реставриран,реставриран,италиански,италианск,,реставрираните,,италиански,,реставрираните,от,,,,художничките,италиански,дворец,дворци,двореца,,B,none,Кметът откри реставрираните художничките италиански,дворец,1,3,,,,,,,
filler2,P1,шивачка,шивачки,шивачки,шивачки,f,pl,m,pl,Клиентите изкупиха,,разкроен,разкроен,моден,модн,модните,разкроени,,,модните,разкроени,от,,,,шивачките,,панталон,панталони,панталона,,B,none,Клиентите изкупиха модните разкроени шивачките,панталон,1,3,,,,,,,
filler2,P2,шивачка,шивачки,шивачки,шивачки,f,pl,m,pl,Клиентите изкупиха,,разкроен,разкроен,моден,модн,,разкроените,модните,,,разкроените,от,,,модните,шивачки,,панталон,панталони,панталона,,C,none,Клиентите изкупиха разкроените модните шивачки,панталон,1,3,,,,,,,
filler2,P3,шивачка,шивачки,шивачки,шивачки,f,pl,m,pl,Клиентите изкупиха,,разкроен,разкроен,моден,модн,,разкроените,,модни,,разкроените,от,,,,шивачките,модни,панталон,панталони,панталона,,A,none,Клиентите изкупиха разкроените шивачките модни,панталон,1,3,,,,,,,
filler2,P1,снимка,снимки,снимки,снимки,f,pl,m,pl,Журито оцени,,заснет,заснет,панорамен,панорамн,панорамните,заснети,,,панорамните,заснети,на,,indef,,снимки,,пейзаж,пейзажи,пейзажа,,A,none,Журито оцени панорамните заснети снимки,пейзаж,1,3,,,,,,,
filler2,P2,снимка,снимки,снимки,снимки,f,pl,m,pl,Журито оцени,,заснет,заснет,панорамен,панорамн,,заснетите,панорамни,,,заснетите,на,,indef,панорамни,снимки,,пейзаж,пейзажи,пейзажа,,B,none,Журито оцени заснетите панорамни снимки,пейзаж,1,3,,,,,,,
filler2,P3,снимка,снимки,снимки,снимки,f,pl,m,pl,Журито оцени,,заснет,заснет,панорамен,панорамн,,заснетите,,панорамни,,заснетите,на,,indef,,снимки,панорамни,пейзаж,пейзажи,пейзажа,,C,none,Журито оцени заснетите снимки панорамни,пейзаж,1,3,,,,,,,
filler2,P1,идея,идеи,идеи,идеи,f,pl,m,pl,Коректорката довърши,,изпъстрен,изпъстрен,кулинарен,кулинарн,кулинарните,изпъстрени,,,кулинарните,изпъстрени,с,,indef,,идеи,,дневник,дневници,дневника,,C,none,Коректорката довърши кулинарните изпъстрени идеи,дневник,1,3,,,,,,,
filler2,P2,идея,идеи,идеи,идеи,f,pl,m,pl,Коректорката довърши,,изпъстрен,изпъстрен,кулинарен,кулинарн,,изпъстрените,кулинарни,,,изпъстрените,с,,indef,кулинарни,идеи,,дневник,дневници,дневника,,A,none,Коректорката довърши изпъстрените кулинарни идеи,дневник,1,3,,,,,,,
filler2,P3,идея,идеи,идеи,идеи,f,pl,m,pl,Коректорката довърши,,изпъстрен,изпъстрен,кулинарен,кулинарн,,изпъстрените,,кулинарни,,изпъстрените,с,,indef,,идеи,кулинарни,дневник,дневници,дневника,,B,none,Коректорката довърши изпъстрените идеи кулинарни,дневник,1,3,,,,,,,
filler2,P1,камера,камери,камери,камери,f,pl,m,pl,Крадците откраднаха,,пазен,пазен,неподвижен,неподвижн,неподвижните,пазени,,,неподвижните,пазени,от,,indef,,камери,,експонат,експонати,експоната,,B,none,Крадците откраднаха неподвижните пазени камери,експонат,1,3,,,,,,,
filler2,P2,камера,камери,камери,камери,f,pl,m,pl,Крадците откраднаха,,пазен,пазен,неподвижен,неподвижн,,пазените,неподвижни,,,пазените,от,,indef,неподвижни,камери,,експонат,експонати,експоната,,C,none,Крадците откраднаха пазените неподвижни камери,експонат,1,3,,,,,,,
filler2,P3,камера,камери,камери,камери,f,pl,m,pl,Крадците откраднаха,,пазен,пазен,неподвижен,неподвижн,,пазените,,неподвижни,,пазените,от,,indef,,камери,неподвижни,експонат,експонати,експоната,,A,none,Крадците откраднаха пазените камери неподвижни,експонат,1,3,,,,,,,
filler2,P1,обжалване,обжалвания,обжалвания,обжалвания,n,pl,m,pl,Съдията отхвърли,,представен,представен,спорен,спорн,спорните,представени,,,спорните,представени,след,,,,обжалванията,,факт,факти,факта,,A,none,Съдията отхвърли спорните представени обжалванията,факт,1,3,,,,,,,
filler2,P2,обжалване,обжалвания,обжалвания,обжалвания,n,pl,m,pl,Съдията отхвърли,,представен,представен,спорен,спорн,,представените,спорните,,,представените,след,,,спорните,обжалвания,,факт,факти,факта,,B,none,Съдията отхвърли представените спорните обжалвания,факт,1,3,,,,,,,
filler2,P3,обжалване,обжалвания,обжалвания,обжалвания,n,pl,m,pl,Съдията отхвърли,,представен,представен,спорен,спорн,,представените,,спорни,,представените,след,,,,обжалванията,спорни,факт,факти,факта,,C,none,Съдията отхвърли представените обжалванията спорни,факт,1,3,,,,,,,
filler2,P1,провинение,провинения,провинения,провинения,n,pl,m,pl,Съветът изключи,,наказан,наказан,лош,лош,лошите,наказани,,,лошите,наказани,след,,,,провиненията,,ученик,ученици,ученика,,C,none,Съветът изключи лошите наказани провиненията,ученик,1,3,,,,,,,
filler2,P2,провинение,провинения,провинения,провинения,n,pl,m,pl,Съветът изключи,,наказан,наказан,лош,лош,,наказаните,лошите,,,наказаните,след,,,лошите,провинения,,ученик,ученици,ученика,,A,none,Съветът изключи наказаните лошите провинения,ученик,1,3,,,,,,,
filler2,P3,провинение,провинения,провинения,провинения,n,pl,m,pl,Съветът изключи,,наказан,наказан,лош,лош,,наказаните,,лоши,,наказаните,след,,,,провиненията,лоши,ученик,ученици,ученика,,B,none,Съветът изключи наказаните провиненията лоши,ученик,1,3,,,,,,,
filler2,P1,заледяване,заледявания,заледявания,заледявания,n,pl,m,pl,Изследователите намериха,,оцелѣл,оцелѣл,полярен,полярн,полярните,оцелели,,,полярните,оцелѣли,след,,,,заледяванията,,пингвин,пингвини,пингвина,,B,none,Изследователите намериха полярните оцелели заледяванията,пингвин,1,3,,,,,,,
filler2,P2,заледяване,заледявания,заледявания,заледявания,n,pl,m,pl,Изследователите намериха,,оцелѣл,оцелѣл,полярен,полярн,,оцелелите,полярните,,,оцелѣлите,след,,,полярните,заледявания,,пингвин,пингвини,пингвина,,C,none,Изследователите намериха оцелелите полярните заледявания,пингвин,1,3,,,,,,,
filler2,P3,заледяване,заледявания,заледявания,заледявания,n,pl,m,pl,Изследователите намериха,,оцелѣл,оцелѣл,полярен,полярн,,оцелелите,,полярни,,оцелѣлите,след,,,,заледяванията,полярни,пингвин,пингвини,пингвина,,A,none,Изследователите намериха оцелелите заледяванията полярни,пингвин,1,3,,,,,,,
filler2,P1,дърво,дървета,дървета,дървета,n,pl,m,pl,Конникът стъпка,,отронен,отронен,лилав,лилав,лилавите,отронени,,,лилавите,отронени,от,,,,дърветата,,цвят,цветове,цвята,,A,none,Конникът стъпка лилавите отронени дърветата,цвят,1,3,,,,,,,
filler2,P2,дърво,дървета,дървета,дървета,n,pl,m,pl,Конникът стъпка,,отронен,отронен,лилав,лилав,,отронените,лилавите,,,отронените,от,,,лилавите,дървета,,цвят,цветове,цвята,,B,none,Конникът стъпка отронените лилавите дървета,цвят,1,3,,,,,,,
filler2,P3,дърво,дървета,дървета,дървета,n,pl,m,pl,Конникът стъпка,,отронен,отронен,лилав,лилав,,отронените,,лилави,,отронените,от,,,,дърветата,лилави,цвят,цветове,цвята,,C,none,Конникът стъпка отронените дърветата лилави,цвят,1,3,,,,,,,
filler2,P1,врабче,врабчета,врабчета,врабчета,n,pl,m,pl,Къщата закриваше,,приютяващ,приютяващ,самотен,самотн,самотните,приютяващи,,,самотните,приютяващи,,,,,врабчетата,,клон,клони,клона,,C,none,Къщата закриваше самотните приютяващи врабчетата,клон,1,3,,,,,,,
filler2,P2,врабче,врабчета,врабчета,врабчета,n,pl,m,pl,Къщата закриваше,,приютяващ,приютяващ,самотен,самотн,,приютяващите,самотните,,,приютяващите,,,,самотните,врабчета,,клон,клони,клона,,A,none,Къщата закриваше приютяващите самотните врабчета,клон,1,3,,,,,,,
filler2,P3,врабче,врабчета,врабчета,врабчета,n,pl,m,pl,Къщата закриваше,,приютяващ,приютяващ,самотен,самотн,,приютяващите,,самотни,,приютяващите,,,,,врабчетата,самотни,клон,клони,клона,,B,none,Къщата закриваше приютяващите врабчетата самотни,клон,1,3,,,,,,,
filler2,P1,пристанище,пристанища,пристанища,пристанища,n,pl,m,pl,Моряците боядисаха,,акостирал,акостирал,речен,речн,речните,акостирали,,,речните,акостирали,в,,,,пристанищата,,кораб,кораби,кораба,,B,none,Моряците боядисаха речните акостирали пристанищата,кораб,1,3,,,,,,,
filler2,P2,пристанище,пристанища,пристанища,пристанища,n,pl,m,pl,Моряците боядисаха,,акостирал,акостирал,речен,речн,,акостиралите,речните,,,акостиралите,в,,,речните,пристанища,,кораб,кораби,кораба,,C,none,Моряците боядисаха акостиралите речните пристанища,кораб,1,3,,,,,,,
filler2,P3,пристанище,пристанища,пристанища,пристанища,n,pl,m,pl,Моряците боядисаха,,акостирал,акостирал,речен,речн,,акостиралите,,речни,,акостиралите,в,,,,пристанищата,речни,кораб,кораби,кораба,,A,none,Моряците боядисаха акостиралите пристанищата речни,кораб,1,3,,,,,,,
filler2,P1,ключ,ключове,ключа,ключ,m,sg,m,sg,Крадците разбиха,,отварящ,отварящ,желѣзен,желѣзн,железния,отварящ,,,желѣзния,отварящ,се с,,,,ключа,,катинар,катинари,катинара,,A,none,Крадците разбиха железния отварящ ключа,катинар,0,3,,,,,,,
filler2,P2,ключ,ключове,ключа,ключ,m,sg,m,sg,Крадците разбиха,,отварящ,отварящ,желѣзен,желѣзн,,отварящия,железния,,,отварящия,се с,,,желѣзния,ключ,,катинар,катинари,катинара,,B,none,Крадците разбиха отварящия железния ключ,катинар,0,3,,,,,,,
filler2,P3,ключ,ключове,ключа,ключ,m,sg,m,sg,Крадците разбиха,,отварящ,отварящ,желѣзен,желѣзн,,отварящия,,железен,,отварящия,се с,,,,ключа,желѣзен,катинар,катинари,катинара,,C,none,Крадците разбиха отварящия ключа железен,катинар,0,3,,,,,,,
filler2,P1,пастир,пастири,пастира,пастир,m,sg,m,sg,Ловците застреляха,,опасен,опасн,малък,малк,малкия,опасен,,,малкия,опасен,за,,,,пастира,,вълк,вълци,вълка,,C,none,Ловците застреляха малкия опасен пастира,вълк,0,3,,,,,,,
filler2,P2,пастир,пастири,пастира,пастир,m,sg,m,sg,Ловците застреляха,,опасен,опасн,малък,малк,,опасния,малкия,,,опасния,за,,,малкия,пастир,,вълк,вълци,вълка,,A,none,Ловците застреляха опасния малкия пастир,вълк,0,3,,,,,,,
filler2,P3,пастир,пастири,пастира,пастир,m,sg,m,sg,Ловците застреляха,,опасен,опасн,малък,малк,,опасния,,малък,,опасния,за,,,,пастира,малък,вълк,вълци,вълка,,B,none,Ловците застреляха опасния пастира малък,вълк,0,3,,,,,,,
filler2,P1,тир,тирове,тира,тир,m,sg,m,sg,Полицаите идентифицираха,,превозен,превозен,сирийски,сирийск,сирийския,превозен,,,сирийския,превозен,от,,,,тира,,емигрант,емигранти,емигранта,,B,none,Полицаите идентифицираха сирийския превозен тира,емигрант,0,3,,,,,,,
filler2,P2,тир,тирове,тира,тир,m,sg,m,sg,Полицаите идентифицираха,,превозен,превозен,сирийски,сирийск,,превозения,сирийския,,,превозения,от,,,сирийския,тир,,емигрант,емигранти,емигранта,,C,none,Полицаите идентифицираха превозения сирийския тир,емигрант,0,3,,,,,,,
filler2,P3,тир,тирове,тира,тир,m,sg,m,sg,Полицаите идентифицираха,,превозен,превозен,сирийски,сирийск,,превозения,,сирийски,,превозения,от,,,,тира,сирийски,емигрант,емигранти,емигранта,,A,none,Полицаите идентифицираха превозения тира сирийски,емигрант,0,3,,,,,,,
filler2,P1,пожар,пожари,пожара,пожар,m,sg,m,sg,Пожарникарите спасиха,,обхванат,обхванат,голѣм,голѣм,големия,обхванат,,,голѣмия,обхванат,от,,indef,,пожар,,блок,блокове,блока,,A,none,Пожарникарите спасиха големия обхванат пожар,блок,0,3,,,,,,,
filler2,P2,пожар,пожари,пожара,пожар,m,sg,m,sg,Пожарникарите спасиха,,обхванат,обхванат,голѣм,голѣм,,обхванатия,голям,,,обхванатия,от,,indef,голѣм,пожар,,блок,блокове,блока,,B,none,Пожарникарите спасиха обхванатия голям пожар,блок,0,3,,,,,,,
filler2,P3,пожар,пожари,пожара,пожар,m,sg,m,sg,Пожарникарите спасиха,,обхванат,обхванат,голѣм,голѣм,,обхванатия,,голям,,обхванатия,от,,indef,,пожар,голѣм,блок,блокове,блока,,C,none,Пожарникарите спасиха обхванатия пожар голям,блок,0,3,,,,,,,
filler2,P1,ферибот,фериботи,ферибота,ферибот,m,sg,m,sg,Спасителите търсеха,,качен,качен,потъващ,потъващ,потъващия,качен,,,потъващия,качен,на,,,,ферибота,,пътник,пътници,пътника,,C,none,Спасителите търсеха потъващия качен ферибота,пътник,0,3,,,,,,,
filler2,P2,ферибот,фериботи,ферибота,ферибот,m,sg,m,sg,Спасителите търсеха,,качен,качен,потъващ,потъващ,,качения,потъващия,,,качения,на,,,потъващия,ферибот,,пътник,пътници,пътника,,A,none,Спасителите търсеха качения потъващия ферибот,пътник,0,3,,,,,,,
filler2,P3,ферибот,фериботи,ферибота,ферибот,m,sg,m,sg,Спасителите търсеха,,качен,качен,потъващ,потъващ,,качения,,потъващ,,качения,на,,,,ферибота,потъващ,пътник,пътници,пътника,,B,none,Спасителите търсеха качения ферибота потъващ,пътник,0,3,,,,,,,
filler2,P1,празник,празници,празника,празник,m,sg,m,sg,Влюбеният подари,,купен,купен,романтичен,романтичн,романтичния,купен,,,романтичния,купен,за,,,,празника,,букет,букети,букета,,B,none,Влюбеният подари романтичния купен празника,букет,0,3,,,,,,,
filler2,P2,празник,празници,празника,празник,m,sg,m,sg,Влюбеният подари,,купен,купен,романтичен,романтичн,,купения,романтичния,,,купения,за,,,романтичния,празник,,букет,букети,букета,,C,none,Влюбеният подари купения романтичния празник,букет,0,3,,,,,,,
filler2,P3,празник,празници,празника,празник,m,sg,m,sg,Влюбеният подари,,купен,купен,романтичен,романтичн,,купения,,романтичен,,купения,за,,,,празника,романтичен,букет,букети,букета,,A,none,Влюбеният подари купения празника романтичен,букет,0,3,,,,,,,
filler2,P1,пътешественичка,пътешественички,пътешественички,пътешественичка,f,sg,m,sg,Екскурзоводът описваше,,препоръчан,препоръчан,пустинен,пустинн,пустинния,препоръчан,,,пустинния,препоръчан,от,,,,пътешественичката,,оазис,оазиси,оазиса,,A,none,Екскурзоводът описваше пустинния препоръчан пътешественичката,оазис,0,3,,,,,,,
filler2,P2,пътешественичка,пътешественички,пътешественички,пътешественичка,f,sg,m,sg,Екскурзоводът описваше,,препоръчан,препоръчан,пустинен,пустинн,,препоръчания,пустинната,,,препоръчания,от,,,пустинната,пътешественичка,,оазис,оазиси,оазиса,,B,none,Екскурзоводът описваше препоръчания пустинната пътешественичка,оазис,0,3,,,,,,,
filler2,P3,пътешественичка,пътешественички,пътешественички,пътешественичка,f,sg,m,sg,Екскурзоводът описваше,,препоръчан,препоръчан,пустинен,пустинн,,препоръчания,,пустинен,,препоръчания,от,,,,пътешественичката,пустинен,оазис,оазиси,оазиса,,C,none,Екскурзоводът описваше препоръчания пътешественичката пустинен,оазис,0,3,,,,,,,
filler2,P1,журналистка,журналистки,журналистки,журналистка,f,sg,m,sg,Издателите отпечатиха,,редактиран,редактиран,политически,политическ,политическия,редактиран,,,политическия,редактиран,от,,,,журналистката,,вестник,вестници,вестника,,C,none,Издателите отпечатиха политическия редактиран журналистката,вестник,0,3,,,,,,,
filler2,P2,журналистка,журналистки,журналистки,журналистка,f,sg,m,sg,Издателите отпечатиха,,редактиран,редактиран,политически,политическ,,редактирания,политическата,,,редактирания,от,,,политическата,журналистка,,вестник,вестници,вестника,,A,none,Издателите отпечатиха редактирания политическата журналистка,вестник,0,3,,,,,,,
filler2,P3,журналистка,журналистки,журналистки,журналистка,f,sg,m,sg,Издателите отпечатиха,,редактиран,редактиран,политически,политическ,,редактирания,,политически,,редактирания,от,,,,журналистката,политически,вестник,вестници,вестника,,B,none,Издателите отпечатиха редактирания журналистката политически,вестник,0,3,,,,,,,
filler2,P1,фирма,фирми,фирми,фирма,f,sg,m,sg,Аптекарите продаваха,,рекламиран,рекламиран,френски,френск,френския,рекламиран,,,френския,рекламиран,от,,,,фирмата,,крем,кремове,крема,,B,none,Аптекарите продаваха френския рекламиран фирмата,крем,0,3,,,,,,,
filler2,P2,фирма,фирми,фирми,фирма,f,sg,m,sg,Аптекарите продаваха,,рекламиран,рекламиран,френски,френск,,рекламирания,френската,,,рекламирания,от,,,френската,фирма,,крем,кремове,крема,,C,none,Аптекарите продаваха рекламирания френската фирма,крем,0,3,,,,,,,
filler2,P3,фирма,фирми,фирми,фирма,f,sg,m,sg,Аптекарите продаваха,,рекламиран,рекламиран,френски,френск,,рекламирания,,френски,,рекламирания,от,,,,фирмата,френски,крем,кремове,крема,,A,none,Аптекарите продаваха рекламирания фирмата френски,крем,0,3,,,,,,,
filler2,P1,мрежа,мрежи,мрежи,мрежа,f,sg,m,sg,Инспекторите провериха,,укрепен,укрепен,циментиран,циментиран,циментирания,укрепен,,,циментирания,укрепен,с,,,,мрежата,,бряг,брегове,бряга,,A,none,Инспекторите провериха циментирания укрепен мрежата,бряг,0,3,,,,,,,
filler2,P2,мрежа,мрежи,мрежи,мрежа,f,sg,m,sg,Инспекторите провериха,,укрепен,укрепен,циментиран,циментиран,,укрепения,циментираната,,,укрепения,с,,,циментираната,мрежа,,бряг,брегове,бряга,,B,none,Инспекторите провериха укрепения циментираната мрежа,бряг,0,3,,,,,,,
filler2,P3,мрежа,мрежи,мрежи,мрежа,f,sg,m,sg,Инспекторите провериха,,укрепен,укрепен,циментиран,циментиран,,укрепения,,циментиран,,укрепения,с,,,,мрежата,циментиран,бряг,брегове,бряга,,C,none,Инспекторите провериха укрепения мрежата циментиран,бряг,0,3,,,,,,,
filler2,P1,скала,скали,скали,скала,f,sg,m,sg,Туристите достигнаха,,плискащ,плискащ,отвесен,отвесн,отвесния,плискащ,,,отвесния,плискащ,се по,,,,скалата,,водопад,водопади,водопада,,C,none,Туристите достигнаха отвесния плискащ скалата,водопад,0,3,,,,,,,
filler2,P2,скала,скали,скали,скала,f,sg,m,sg,Туристите достигнаха,,плискащ,плискащ,отвесен,отвесн,,плискащия,отвесната,,,плискащия,се по,,,отвесната,скала,,водопад,водопади,водопада,,A,none,Туристите достигнаха плискащия отвесната скала,водопад,0,3,,,,,,,
filler2,P3,скала,скали,скали,скала,f,sg,m,sg,Туристите достигнаха,,плискащ,плискащ,отвесен,отвесн,,плискащия,,отвесен,,плискащия,се по,,,,скалата,отвесен,водопад,водопади,водопада,,B,none,Туристите достигнаха плискащия скалата отвесен,водопад,0,3,,,,,,,
filler2,P1,книга,книги,книги,книга,f,sg,m,sg,Организаторите планираха,,посветен,посветен,детски,детск,детския,посветен,,,детския,посветен,на,,,,книгата,,фестивал,фестивали,фестивала,,B,none,Организаторите планираха детския посветен книгата,фестивал,0,3,,,,,,,
filler2,P2,книга,книги,книги,книга,f,sg,m,sg,Организаторите планираха,,посветен,посветен,детски,детск,,посветения,детската,,,посветения,на,,,детската,книга,,фестивал,фестивали,фестивала,,C,none,Организаторите планираха посветения детската книга,фестивал,0,3,,,,,,,
filler2,P3,книга,книги,книги,книга,f,sg,m,sg,Организаторите планираха,,посветен,посветен,детски,детск,,посветения,,детски,,посветения,на,,,,книгата,детски,фестивал,фестивали,фестивала,,A,none,Организаторите планираха посветения книгата детски,фестивал,0,3,,,,,,,
filler2,P1,нападение,нападения,нападения,нападение,n,sg,m,sg,Полицаите заловиха,,извършил,извършил,криминален,криминалн,криминалния,извършил,,,криминалния,извършил,,,,,нападението,,престъпник,престъпници,престъпника,,A,none,Полицаите заловиха криминалния извършил нападението,престъпник,0,3,,,,,,,
filler2,P2,нападение,нападения,нападения,нападение,n,sg,m,sg,Полицаите заловиха,,извършил,извършил,криминален,криминалн,,извършилия,криминалното,,,извършилия,,,,криминалното,нападение,,престъпник,престъпници,престъпника,,B,none,Полицаите заловиха извършилия криминалното нападение,престъпник,0,3,,,,,,,
filler2,P3,нападение,нападения,нападения,нападение,n,sg,m,sg,Полицаите заловиха,,извършил,извършил,криминален,криминалн,,извършилия,,криминален,,извършилия,,,,,нападението,криминален,престъпник,престъпници,престъпника,,C,none,Полицаите заловиха извършилия нападението криминален,престъпник,0,3,,,,,,,
filler2,P1,крайбрежие,крайбрежия,крайбрежия,крайбрежие,n,sg,m,sg,Зоопаркът получи,,обитаващ,обитаващ,непознат,непознат,непознатия,обитаващ,,,непознатия,обитаващ,,,,,крайбрежието,,тюлен,тюлени,тюлена,,C,none,Зоопаркът получи непознатия обитаващ крайбрежието,тюлен,0,3,,,,,,,
filler2,P2,крайбрежие,крайбрежия,крайбрежия,крайбрежие,n,sg,m,sg,Зоопаркът получи,,обитаващ,обитаващ,непознат,непознат,,обитаващия,непознатото,,,обитаващия,,,,непознатото,крайбрежие,,тюлен,тюлени,тюлена,,A,none,Зоопаркът получи обитаващия непознатото крайбрежие,тюлен,0,3,,,,,,,
filler2,P3,крайбрежие,крайбрежия,крайбрежия,крайбрежие,n,sg,m,sg,Зоопаркът получи,,обитаващ,обитаващ,непознат,непознат,,обитаващия,,непознат,,обитаващия,,,,,крайбрежието,непознат,тюлен,тюлени,тюлена,,B,none,Зоопаркът получи обитаващия крайбрежието непознат,тюлен,0,3,,,,,,,
filler2,P1,елече,елечета,елечета,елече,n,sg,m,sg,Шивачката бродираше,,красящ,красящ,ален,ален,аления,красящ,,,аления,красящ,,,,,елечето,,орнамент,орнаменти,орнамента,,B,none,Шивачката бродираше аления красящ елечето,орнамент,0,3,,,,,,,
filler2,P2,елече,елечета,елечета,елече,n,sg,m,sg,Шивачката бродираше,,красящ,красящ,ален,ален,,красящия,аленото,,,красящия,,,,аленото,елече,,орнамент,орнаменти,орнамента,,C,none,Шивачката бродираше красящия аленото елече,орнамент,0,3,,,,,,,
filler2,P3,елече,елечета,елечета,елече,n,sg,m,sg,Шивачката бродираше,,красящ,красящ,ален,ален,,красящия,,ален,,красящия,,,,,елечето,ален,орнамент,орнаменти,орнамента,,A,none,Шивачката бродираше красящия елечето ален,орнамент,0,3,,,,,,,
filler2,P1,предградие,предградия,предградия,предградие,n,sg,m,sg,Брокерът рекламираше,,продаван,продаван,луксозен,луксозн,луксозния,продаван,,,луксозния,продаван,в,,,,предградието,,имот,имоти,имота,,A,none,Брокерът рекламираше луксозния продаван предградието,имот,0,3,,,,,,,
filler2,P2,предградие,предградия,предградия,предградие,n,sg,m,sg,Брокерът рекламираше,,продаван,продаван,луксозен,луксозн,,продавания,луксозното,,,продавания,в,,,луксозното,предградие,,имот,имоти,имота,,B,none,Брокерът рекламираше продавания луксозното предградие,имот,0,3,,,,,,,
filler2,P3,предградие,предградия,предградия,предградие,n,sg,m,sg,Брокерът рекламираше,,продаван,продаван,луксозен,луксозн,,продавания,,луксозен,,продавания,в,,,,предградието,луксозен,имот,имоти,имота,,C,none,Брокерът рекламираше продавания предградието луксозен,имот,0,3,,,,,,,
filler2,P1,чекмедже,чекмеджета,чекмеджета,чекмедже,n,sg,m,sg,Домакинята изми,,изваден,изваден,дълбок,дълбок,дълбокия,изваден,,,дълбокия,изваден,от,,,,чекмеджето,,черпак,черпаци,черпака,,C,none,Домакинята изми дълбокия изваден чекмеджето,черпак,0,3,,,,,,,
filler2,P2,чекмедже,чекмеджета,чекмеджета,чекмедже,n,sg,m,sg,Домакинята изми,,изваден,изваден,дълбок,дълбок,,извадения,дълбокото,,,извадения,от,,,дълбокото,чекмедже,,черпак,черпаци,черпака,,A,none,Домакинята изми извадения дълбокото чекмедже,черпак,0,3,,,,,,,
filler2,P3,чекмедже,чекмеджета,чекмеджета,чекмедже,n,sg,m,sg,Домакинята изми,,изваден,изваден,дълбок,дълбок,,извадения,,дълбок,,извадения,от,,,,чекмеджето,дълбок,черпак,черпаци,черпака,,B,none,Домакинята изми извадения чекмеджето дълбок,черпак,0,3,,,,,,,
filler2,P1,богослужение,богослужения,богослужения,богослужение,n,sg,m,sg,Вярващите празнуваха,,отбелязван,отбелязван,тържествен,тържествен,тържествения,отбелязван,,,тържествения,отбелязван,с,,indef,,богослужение,,повод,поводи,повода,,B,none,Вярващите празнуваха тържествения отбелязван богослужение,повод,0,3,,,,,,,
filler2,P2,богослужение,богослужения,богослужения,богослужение,n,sg,m,sg,Вярващите празнуваха,,отбелязван,отбелязван,тържествен,тържествен,,отбелязвания,тържествено,,,отбелязвания,с,,indef,тържествено,богослужение,,повод,поводи,повода,,C,none,Вярващите празнуваха отбелязвания тържествено богослужение,повод,0,3,,,,,,,
filler2,P3,богослужение,богослужения,богослужения,богослужение,n,sg,m,sg,Вярващите празнуваха,,отбелязван,отбелязван,тържествен,тържествен,,отбелязвания,,тържествен,,отбелязвания,с,,indef,,богослужение,тържествен,повод,поводи,повода,,A,none,Вярващите празнуваха отбелязвания богослужение тържествен,повод,0,3,,,,,,,
filler3,P1,цвят,цвeтове,цвята,цвeтове,m,pl,f,pl,Градинарите поливаха,,напъпил,напъпил,нежен,нежн,нежните,напъпили,,,нежните,напъпили,с,,indef,,цвeтове,,роза,рози,рози,,A,none,Градинарите поливаха нежните напъпили цвeтове,роза,1,3,,,,,,,
filler3,P2,цвят,цвeтове,цвята,цвeтове,m,pl,f,pl,Градинарите поливаха,,напъпил,напъпил,нежен,нежн,,напъпилите,нежни,,,напъпилите,с,,indef,нежни,цвeтове,,роза,рози,рози,,B,none,Градинарите поливаха напъпилите нежни цвeтове,роза,1,3,,,,,,,
filler3,P3,цвят,цвeтове,цвята,цвeтове,m,pl,f,pl,Градинарите поливаха,,напъпил,напъпил,нежен,нежн,,напъпилите,,нежни,,напъпилите,с,,indef,,цвeтове,нежни,роза,рози,рози,,C,none,Градинарите поливаха напъпилите цвeтове нежни,роза,1,3,,,,,,,
filler3,P1,стопанин,стопани,стопанина,стопани,m,pl,f,pl,Пастирите поведоха,,издоен,издоен,селски,селск,селските,издоени,,,селските,издоени,от,,,,стопаните,,крава,крави,крави,,C,none,Пастирите поведоха селските издоени стопаните,крава,1,3,,,,,,,
filler3,P2,стопанин,стопани,стопанина,стопани,m,pl,f,pl,Пастирите поведоха,,издоен,издоен,селски,селск,,издоените,селските,,,издоените,от,,,селските,стопани,,крава,крави,крави,,A,none,Пастирите поведоха издоените селските стопани,крава,1,3,,,,,,,
filler3,P3,стопанин,стопани,стопанина,стопани,m,pl,f,pl,Пастирите поведоха,,издоен,издоен,селски,селск,,издоените,,селски,,издоените,от,,,,стопаните,селски,крава,крави,крави,,B,none,Пастирите поведоха издоените стопаните селски,крава,1,3,,,,,,,
filler3,P1,посетител,посетители,посетителя,посетители,m,pl,f,pl,Астрономите наблюдаваха,,впечатляващ,впечатляващ,многоброен,многобройн,многобройните,впечатляващи,,,многобройните,впечатляващи,,,,,посетителите,,комета,комети,комети,,B,none,Астрономите наблюдаваха многобройните впечатляващи посетителите,комета,1,3,,,,,,,
filler3,P2,посетител,посетители,посетителя,посетители,m,pl,f,pl,Астрономите наблюдаваха,,впечатляващ,впечатляващ,многоброен,многобройн,,впечатляващите,многобройните,,,впечатляващите,,,,многобройните,посетители,,комета,комети,комети,,C,none,Астрономите наблюдаваха впечатляващите многобройните посетители,комета,1,3,,,,,,,
filler3,P3,посетител,посетители,посетителя,посетители,m,pl,f,pl,Астрономите наблюдаваха,,впечатляващ,впечатляващ,многоброен,многобройн,,впечатляващите,,многобройни,,впечатляващите,,,,,посетителите,многобройни,комета,комети,комети,,A,none,Астрономите наблюдаваха впечатляващите посетителите многобройни,комета,1,3,,,,,,,
filler3,P1,стена,стени,стени,стени,f,pl,f,pl,Техниците подмениха,,намиращ,намиращ,висок,висок,високите,намиращи,,,високите,намиращи,се на,,,,стените,,лампа,лампи,лампи,,A,none,Техниците подмениха високите намиращи стените,лампа,1,3,,,,,,,
filler3,P2,стена,стени,стени,стени,f,pl,f,pl,Техниците подмениха,,намиращ,намиращ,висок,висок,,намиращите,високите,,,намиращите,се на,,,високите,стени,,лампа,лампи,лампи,,B,none,Техниците подмениха намиращите високите стени,лампа,1,3,,,,,,,
filler3,P3,стена,стени,стени,стени,f,pl,f,pl,Техниците подмениха,,намиращ,намиращ,висок,висок,,намиращите,,високи,,намиращите,се на,,,,стените,високи,лампа,лампи,лампи,,C,none,Техниците подмениха намиращите стените високи,лампа,1,3,,,,,,,
filler3,P1,маса,маси,маси,маси,f,pl,f,pl,Кошничарите заплитаха,,пръснат,пръснат,дървен,дървен,дървените,пръснати,,,дървените,пръснати,на,,,,масите,,пръчка,пръчки,пръчки,,C,none,Кошничарите заплитаха дървените пръснати масите,пръчка,1,3,,,,,,,
filler3,P2,маса,маси,маси,маси,f,pl,f,pl,Кошничарите заплитаха,,пръснат,пръснат,дървен,дървен,,пръснатите,дървените,,,пръснатите,на,,,дървените,маси,,пръчка,пръчки,пръчки,,A,none,Кошничарите заплитаха пръснатите дървените маси,пръчка,1,3,,,,,,,
filler3,P3,маса,маси,маси,маси,f,pl,f,pl,Кошничарите заплитаха,,пръснат,пръснат,дървен,дървен,,пръснатите,,дървени,,пръснатите,на,,,,масите,дървени,пръчка,пръчки,пръчки,,B,none,Кошничарите заплитаха пръснатите масите дървени,пръчка,1,3,,,,,,,
filler3,P1,медалистка,медалистки,медалистки,медалистки,f,pl,f,pl,Вятърът отнесе,,предназначен,предназначен,олимпийски,олимпийск,олимпийските,предназначени,,,олимпийските,предназначени,за,,,,медалистките,,стълбичка,стълбички,стълбички,,B,none,Вятърът отнесе олимпийските предназначени медалистките,стълбичка,1,3,,,,,,,
filler3,P2,медалистка,медалистки,медалистки,медалистки,f,pl,f,pl,Вятърът отнесе,,предназначен,предназначен,олимпийски,олимпийск,,предназначените,олимпийските,,,предназначените,за,,,олимпийските,медалистки,,стълбичка,стълбички,стълбички,,C,none,Вятърът отнесе предназначените олимпийските медалистки,стълбичка,1,3,,,,,,,
filler3,P3,медалистка,медалистки,медалистки,медалистки,f,pl,f,pl,Вятърът отнесе,,предназначен,предназначен,олимпийски,олимпийск,,предназначените,,олимпийски,,предназначените,за,,,,медалистките,олимпийски,стълбичка,стълбички,стълбички,,A,none,Вятърът отнесе предназначените медалистките олимпийски,стълбичка,1,3,,,,,,,
filler3,P1,чиния,чинии,чинии,чинии,f,pl,f,pl,Децата изядоха,,сервиран,сервиран,зелен,зелен,зелените,сервирани,,,зелените,сервирани,в,,,,чиниите,,джанка,джанки,джанки,,A,none,Децата изядоха зелените сервирани чиниите,джанка,1,3,,,,,,,
filler3,P2,чиния,чинии,чинии,чинии,f,pl,f,pl,Децата изядоха,,сервиран,сервиран,зелен,зелен,,сервираните,зелените,,,сервираните,в,,,зелените,чинии,,джанка,джанки,джанки,,B,none,Децата изядоха сервираните зелените чинии,джанка,1,3,,,,,,,
filler3,P3,чиния,чинии,чинии,чинии,f,pl,f,pl,Децата изядоха,,сервиран,сервиран,зелен,зелен,,сервираните,,зелени,,сервираните,в,,,,чиниите,зелени,джанка,джанки,джанки,,C,none,Децата изядоха сервираните чиниите зелени,джанка,1,3,,,,,,,
filler3,P1,нарушение,нарушения,нарушения,нарушения,n,pl,f,pl,Началникът уволни,,направил,направил,груб,груб,грубите,направили,,,грубите,направили,,,indef,,нарушения,,служителка,служителки,служителки,,C,none,Началникът уволни грубите направили нарушения,служителка,1,3,,,,,,,
filler3,P2,нарушение,нарушения,нарушения,нарушения,n,pl,f,pl,Началникът уволни,,направил,направил,груб,груб,,направилите,груби,,,направилите,,,indef,груби,нарушения,,служителка,служителки,служителки,,A,none,Началникът уволни направилите груби нарушения,служителка,1,3,,,,,,,
filler3,P3,нарушение,нарушения,нарушения,нарушения,n,pl,f,pl,Началникът уволни,,направил,направил,груб,груб,,направилите,,груби,,направилите,,,indef,,нарушения,груби,служителка,служителки,служителки,,B,none,Началникът уволни направилите нарушения груби,служителка,1,3,,,,,,,
filler3,P1,чувство,чувства,чувства,чувства,n,pl,f,pl,Албумът представи,,предизвикващ,предизвикващ,горещ,горещ,горещите,предизвикващи,,,горещите,предизвикващи,,,indef,,чувства,,изпълнителка,изпълнителки,изпълнителки,,B,none,Албумът представи горещите предизвикващи чувства,изпълнителка,1,3,,,,,,,
filler3,P2,чувство,чувства,чувства,чувства,n,pl,f,pl,Албумът представи,,предизвикващ,предизвикващ,горещ,горещ,,предизвикващите,горещи,,,предизвикващите,,,indef,горещи,чувства,,изпълнителка,изпълнителки,изпълнителки,,C,none,Албумът представи предизвикващите горещи чувства,изпълнителка,1,3,,,,,,,
filler3,P3,чувство,чувства,чувства,чувства,n,pl,f,pl,Албумът представи,,предизвикващ,предизвикващ,горещ,горещ,,предизвикващите,,горещи,,предизвикващите,,,indef,,чувства,горещи,изпълнителка,изпълнителки,изпълнителки,,A,none,Албумът представи предизвикващите чувства горещи,изпълнителка,1,3,,,,,,,
filler3,P1,трудност,трудности,трудности,трудност,f,sg,f,sg,Гимнастичките изпълниха,,наситен,наситен,акробатичен,акробатичн,акробатичната,наситена,,,акробатичната,наситена,с,,indef,,трудност,,програма,програми,програми,,A,none,Гимнастичките изпълниха акробатичната наситена трудност,програма,0,3,,,,,,,
filler3,P2,трудност,трудности,трудности,трудност,f,sg,f,sg,Гимнастичките изпълниха,,наситен,наситен,акробатичен,акробатичн,,наситената,акробатична,,,наситената,с,,indef,акробатична,трудност,,програма,програми,програми,,B,none,Гимнастичките изпълниха наситената акробатична трудност,програма,0,3,,,,,,,
filler3,P3,трудност,трудности,трудности,трудност,f,sg,f,sg,Гимнастичките изпълниха,,наситен,наситен,акробатичен,акробатичн,,наситената,,акробатична,,наситената,с,,indef,,трудност,акробатична,програма,програми,програми,,C,none,Гимнастичките изпълниха наситената трудност акробатична,програма,0,3,,,,,,,
filler3,P1,лято,лета,лета,лято,n,sg,f,sg,Алпинистите събориха,,напукан,напукан,сух,сух,сухата,напукана,,,сухата,напукана,през,,,,лятото,,скала,скали,скали,,C,none,Алпинистите събориха сухата напукана лятото,скала,0,3,,,,,,,
filler3,P2,лято,лета,лета,лято,n,sg,f,sg,Алпинистите събориха,,напукан,напукан,сух,сух,,напуканата,сухото,,,напуканата,през,,,сухото,лято,,скала,скали,скали,,A,none,Алпинистите събориха напуканата сухото лято,скала,0,3,,,,,,,
filler3,P3,лято,лета,лета,лято,n,sg,f,sg,Алпинистите събориха,,напукан,напукан,сух,сух,,напуканата,,суха,,напуканата,през,,,,лятото,суха,скала,скали,скали,,B,none,Алпинистите събориха напуканата лятото суха,скала,0,3,,,,,,,
filler3,P1,народ,народи,народа,народ,m,sg,f,sg,Селяните спазваха,,характерен,характерн,древен,древн,древната,характерна,,,древната,характерна,за,,,,народа,,традиция,традиции,традиции,,B,none,Селяните спазваха древната характерна народа,традиция,0,3,,,,,,,
filler3,P2,народ,народи,народа,народ,m,sg,f,sg,Селяните спазваха,,характерен,характерн,древен,древн,,характерната,древния,,,характерната,за,,,древния,народ,,традиция,традиции,традиции,,C,none,Селяните спазваха характерната древния народ,традиция,0,3,,,,,,,
filler3,P3,народ,народи,народа,народ,m,sg,f,sg,Селяните спазваха,,характерен,характерн,древен,древн,,характерната,,древна,,характерната,за,,,,народа,древна,традиция,традиции,традиции,,A,none,Селяните спазваха характерната народа древна,традиция,0,3,,,,,,,
filler3,P1,план,планове,плана,план,m,sg,f,sg,Данъчните извършиха,,заложен,заложен,годишен,годишн,годишната,заложена,,,годишната,заложена,в,,,,плана,,проверка,проверки,проверки,,A,none,Данъчните извършиха годишната заложена плана,проверка,0,3,,,,,,,
filler3,P2,план,планове,плана,план,m,sg,f,sg,Данъчните извършиха,,заложен,заложен,годишен,годишн,,заложената,годишния,,,заложената,в,,,годишния,план,,проверка,проверки,проверки,,B,none,Данъчните извършиха заложената годишния план,проверка,0,3,,,,,,,
filler3,P3,план,планове,плана,план,m,sg,f,sg,Данъчните извършиха,,заложен,заложен,годишен,годишн,,заложената,,годишна,,заложената,в,,,,плана,годишна,проверка,проверки,проверки,,C,none,Данъчните извършиха заложената плана годишна,проверка,0,3,,,,,,,
filler3,P1,конфликт,конфликти,конфликта,конфликт,m,sg,f,sg,Командващите предприеха,,предизвикан,предизвикан,регионален,регионалн,регионалната,предизвикана,,,регионалната,предизвикана,от,,indef,,конфликт,,офанзива,офанзиви,офанзиви,,C,none,Командващите предприеха регионалната предизвикана конфликт,офанзива,0,3,,,,,,,
filler3,P2,конфликт,конфликти,конфликта,конфликт,m,sg,f,sg,Командващите предприеха,,предизвикан,предизвикан,регионален,регионалн,,предизвиканата,регионален,,,предизвиканата,от,,indef,регионален,конфликт,,офанзива,офанзиви,офанзиви,,A,none,Командващите предприеха предизвиканата регионален конфликт,офанзива,0,3,,,,,,,
filler3,P3,конфликт,конфликти,конфликта,конфликт,m,sg,f,sg,Командващите предприеха,,предизвикан,предизвикан,регионален,регионалн,,предизвиканата,,регионална,,предизвиканата,от,,indef,,конфликт,регионална,офанзива,офанзиви,офанзиви,,B,none,Командващите предприеха предизвиканата конфликт регионална,офанзива,0,3,,,,,,,
filler3,P1,състезателка,състезателки,състезателки,състезателка,f,sg,f,sg,Снеговалежът повреди,,изграден,изграден,алпийски,алпийск,алпийската,изградена,,,алпийската,изградена,за,,,,състезателката,,писта,писти,писти,,B,none,Снеговалежът повреди алпийската изградена състезателката,писта,0,3,,,,,,,
filler3,P2,състезателка,състезателки,състезателки,състезателка,f,sg,f,sg,Снеговалежът повреди,,изграден,изграден,алпийски,алпийск,,изградената,алпийската,,,изградената,за,,,алпийската,състезателка,,писта,писти,писти,,C,none,Снеговалежът повреди изградената алпийската състезателка,писта,0,3,,,,,,,
filler3,P3,състезателка,състезателки,състезателки,състезателка,f,sg,f,sg,Снеговалежът повреди,,изграден,изграден,алпийски,алпийск,,изградената,,алпийска,,изградената,за,,,,състезателката,алпийска,писта,писти,писти,,A,none,Снеговалежът повреди изградената състезателката алпийска,писта,0,3,,,,,,,
filler3,P1,състезание,състезания,състезания,състезание,n,sg,f,sg,Треньорите пратиха в отпуск,,изморен,изморен,олимпийски,олимпийск,олимпийската,изморена,,,олимпийската,изморена,от,,,,състезанието,,гимнастичка,гимнастички,гимнастички,,A,none,Треньорите пратиха в отпуск олимпийската изморена състезанието,гимнастичка,0,3,,,,,,,
filler3,P2,състезание,състезания,състезания,състезание,n,sg,f,sg,Треньорите пратиха в отпуск,,изморен,изморен,олимпийски,олимпийск,,изморената,олимпийското,,,изморената,от,,,олимпийското,състезание,,гимнастичка,гимнастички,гимнастички,,B,none,Треньорите пратиха в отпуск изморената олимпийското състезание,гимнастичка,0,3,,,,,,,
filler3,P3,състезание,състезания,състезания,състезание,n,sg,f,sg,Треньорите пратиха в отпуск,,изморен,изморен,олимпийски,олимпийск,,изморената,,олимпийска,,изморената,от,,,,състезанието,олимпийска,гимнастичка,гимнастички,гимнастички,,C,none,Треньорите пратиха в отпуск изморената състезанието олимпийска,гимнастичка,0,3,,,,,,,
filler3,P1,покритие,покрития,покрития,покритие,n,sg,f,sg,Архитектите проектираха,,изолиран,изолиран,стъклен,стъклен,стъклената,изолирана,,,стъклената,изолирана,с,,indef,,покритие,,беседка,беседки,беседки,,C,none,Архитектите проектираха стъклената изолирана покритие,беседка,0,3,,,,,,,
filler3,P2,покритие,покрития,покрития,покритие,n,sg,f,sg,Архитектите проектираха,,изолиран,изолиран,стъклен,стъклен,,изолираната,стъклено,,,изолираната,с,,indef,стъклено,покритие,,беседка,беседки,беседки,,A,none,Архитектите проектираха изолираната стъклено покритие,беседка,0,3,,,,,,,
filler3,P3,покритие,покрития,покрития,покритие,n,sg,f,sg,Архитектите проектираха,,изолиран,изолиран,стъклен,стъклен,,изолираната,,стъклена,,изолираната,с,,indef,,покритие,стъклена,беседка,беседки,беседки,,B,none,Архитектите проектираха изолираната покритие стъклена,беседка,0,3,,,,,,,
filler3,P1,ревю,ревюта,ревюта,ревю,n,sg,f,sg,Режисьорът постави,,съчетан,съчетан,бляскав,бляскав,бляскавата,съчетана,,,бляскавата,съчетана,с,,indef,,ревю,,постановка,постановки,постановки,,B,none,Режисьорът постави бляскавата съчетана ревю,постановка,0,3,,,,,,,
filler3,P2,ревю,ревюта,ревюта,ревю,n,sg,f,sg,Режисьорът постави,,съчетан,съчетан,бляскав,бляскав,,съчетаната,бляскаво,,,съчетаната,с,,indef,бляскаво,ревю,,постановка,постановки,постановки,,C,none,Режисьорът постави съчетаната бляскаво ревю,постановка,0,3,,,,,,,
filler3,P3,ревю,ревюта,ревюта,ревю,n,sg,f,sg,Режисьорът постави,,съчетан,съчетан,бляскав,бляскав,,съчетаната,,бляскава,,съчетаната,с,,indef,,ревю,бляскава,постановка,постановки,постановки,,A,none,Режисьорът постави съчетаната ревю бляскава,постановка,0,3,,,,,,,
